"State","County","Miles","LandSqMi","Latitude","Longitude"
"GA","Gwinnett County","7.6","431.126","33.958756","-84.025735"
"GA","Barrow County","10.6","161.052","33.992009","-83.712303"
"GA","Walton County","17.1","326.82","33.783887","-83.731829"
"GA","Forsyth County","21","224.617","34.225143","-84.127408"
"GA","Jackson County","21.6","339.698","34.130905","-83.562557"
"GA","Hall County","23.2","392.469","34.317569","-83.8185"
"GA","DeKalb County","24.1","267.666","33.770661","-84.226343"
"GA","Rockdale County","24.4","129.819","33.652081","-84.02637"
"GA","Oconee County","28.5","184.349","33.834125","-83.437728"
"GA","Newton County","30.2","273.814","33.552751","-83.85136"
"GA","Clarke County","30.5","119.3","33.952185","-83.367152"
"GA","Banks County","33.9","232.657","34.351922","-83.498441"
"GA","Dawson County","35.1","210.828","34.442608","-84.173261"
"GA","Morgan County","35.4","347.411","33.598649","-83.499416"
"GA","Fulton County","35.5","526.83","33.790034","-84.468182"
"GA","Cherokee County","37.4","420.955","34.244317","-84.475057"
"GA","Cobb County","38.9","339.69","33.939926","-84.57411"
"GA","Henry County","39.8","318.709","33.452947","-84.154021"
"GA","Lumpkin County","40.4","282.944","34.56814","-83.998925"
"GA","Madison County","40.6","282.324","34.12748","-83.208653"
"GA","Clayton County","42.2","141.703","33.552242","-84.412973"
"GA","White County","46.1","240.773","34.644182","-83.743"
"GA","Franklin County","46.7","261.342","34.375266","-83.227532"
"GA","Pickens County","46.8","232.055","34.456756","-84.490366"
"GA","Jasper County","47.9","368.406","33.316981","-83.689151"
"GA","Oglethorpe County","48","439.062","33.866806","-83.074081"
"GA","Butts County","48.4","183.69","33.290355","-83.958221"
"GA","Habersham County","49.4","276.867","34.634392","-83.525875"
"GA","Greene County","50.7","387.517","33.576704","-83.166625"
"GA","Stephens County","52.2","178.862","34.553582","-83.290588"
"GA","Fayette County","52.5","194.695","33.412717","-84.493941"
"GA","Douglas County","53.7","200.136","33.701242","-84.767314"
"GA","Spalding County","54.9","195.97","33.262348","-84.284905"
"GA","Putnam County","55.2","344.682","33.32106","-83.37179"
"GA","Paulding County","55.7","312.385","33.92103","-84.867169"
"GA","Bartow County","56.5","458.912","34.240917","-84.838188"
"GA","Gilmer County","58","426.181","34.690523","-84.454811"
"GA","Union County","58.6","322.083","34.833333","-83.989257"
"GA","Hart County","58.9","232.422","34.348733","-82.96329"
"GA","Elbert County","61.1","351.103","34.116415","-82.841892"
"GA","Towns County","63.8","166.479","34.902529","-83.732264"
"GA","Lamar County","64.8","183.501","33.07444","-84.146689"
"GA","Fannin County","65.2","387.106","34.866543","-84.317331"
"GA","Taliaferro County","65.8","194.607","33.559319","-82.875272"
"GA","Coweta County","66.3","440.996","33.352897","-84.762138"
"GA","Gordon County","66.4","356.457","34.509667","-84.873862"
"GA","Monroe County","67","396.092","33.018784","-83.921837"
"GA","Wilkes County","67.5","469.504","33.779031","-82.747921"
"GA","Rabun County","67.9","370.137","34.883934","-83.40487"
"GA","Pike County","68.8","216.086","33.081149","-84.389462"
"GA","Jones County","69.6","393.942","33.021664","-83.562196"
"SC","Oconee County","70.9","626.566","34.748766","-83.06154"
"GA","Hancock County","71.7","471.067","33.26922","-83.000465"
"GA","Carroll County","73.5","499.116","33.582237","-85.080527"
"GA","Murray County","73.6","344.494","34.797097","-84.73799"
"GA","Polk County","73.9","310.34","33.996015","-85.188338"
"NC","Clay County","74","215.001","35.052997","-83.752264"
"GA","Baldwin County","74.1","258.699","33.05949","-83.255457"
"GA","Haralson County","77","282.165","33.795165","-85.220063"
"GA","Floyd County","77.6","509.833","34.26369","-85.213685"
"GA","Meriwether County","79.7","500.907","33.029267","-84.667058"
"GA","Upson County","79.8","323.467","32.881837","-84.292283"
"NC","Cherokee County","79.9","455.54","35.13715","-84.061449"
"SC","Anderson County","80.8","713.854","34.521235","-82.638603"
"GA","Warren County","80.9","284.368","33.408381","-82.675685"
"GA","Bibb County","82.4","249.383","32.80899","-83.69406"
"GA","Whitfield County","83","290.445","34.801726","-84.968541"
"GA","Lincoln County","84.2","210.381","33.792151","-82.448299"
"SC","Abbeville County","84.3","491.195","34.229041","-82.454058"
"NC","Macon County","84.9","515.564","35.152959","-83.421901"
"TN","Polk County","85.7","434.605","35.109437","-84.541112"
"GA","Heard County","86.1","295.973","33.291347","-85.137886"
"GA","Crawford County","88.5","324.914","32.709448","-83.979168"
"GA","McDuffie County","88.7","257.379","33.48061","-82.479572"
"GA","Chattooga County","89.2","313.327","34.474178","-85.345289"
"SC","McCormick County","90.9","358.89","33.897599","-82.316196"
"GA","Glascock County","91","143.746","33.227491","-82.606913"
"SC","Pickens County","91.2","496.937","34.885368","-82.723377"
"GA","Wilkinson County","91.8","449.223","32.804266","-83.175512"
"GA","Troup County","92.7","414.015","33.034482","-85.02836"
"NC","Graham County","94","291.968","35.348364","-83.830915"
"GA","Washington County","94.6","678.526","32.971843","-82.798112"
"GA","Catoosa County","94.7","162.162","34.900212","-85.139385"
"AL","Cleburne County","95.4","560.107","33.671964","-85.516126"
"GA","Walker County","95.4","446.286","34.735802","-85.305456"
"GA","Twiggs County","95.4","359.26","32.665847","-83.425879"
"GA","Talbot County","95.9","391.377","32.704603","-84.530029"
"TN","Bradley County","97.3","328.762","35.153914","-84.859414"
"GA","Peach County","98","150.284","32.571324","-83.831978"
"GA","Columbia County","99.4","290.194","33.552075","-82.249608"
"NC","Jackson County","99.8","491.11","35.285454","-83.123966"
"AL","Cherokee County","100.7","553.522","34.069515","-85.654242"
"GA","Taylor County","101.2","376.686","32.554667","-84.251426"
"SC","Greenwood County","102","455.606","34.155796","-82.127876"
"AL","Randolph County","102","580.55","33.296461","-85.464064"
"TN","Monroe County","102.8","635.774","35.447818","-84.249705"
"NC","Transylvania County","104.4","378.358","35.210103","-82.816666"
"GA","Harris County","104.7","463.818","32.731549","-84.912432"
"GA","Houston County","106.6","376.155","32.458147","-83.662309"
"GA","Jefferson County","106.7","526.555","33.058176","-82.420004"
"SC","Greenville County","107.1","785.937","34.892645","-82.372077"
"TN","McMinn County","107.3","430.117","35.424472","-84.619949"
"GA","Dade County","109.4","174.076","34.852424","-85.506201"
"TN","Hamilton County","110","542.164","35.163472","-85.201843"
"AL","Calhoun County","111.7","605.893","33.770516","-85.827909"
"NC","Swain County","111.9","527.721","35.568849","-83.465614"
"SC","Edgefield County","112.1","500.688","33.779453","-81.959637"
"GA","Bleckley County","112.2","215.878","32.435403","-83.331717"
"GA","Macon County","112.7","400.662","32.362686","-84.051231"
"GA","Richmond County","113.4","324.34","33.361486","-82.074998"
"SC","Laurens County","113.4","712.871","34.483676","-82.005498"
"AL","DeKalb County","113.7","777.077","34.460915","-85.804021"
"AL","Chambers County","113.7","596.554","32.915504","-85.394032"
"GA","Johnson County","114.3","303.019","32.694584","-82.66397"
"GA","Muscogee County","116.7","216.5","32.510191","-84.874946"
"TN","Blount County","117.4","558.844","35.688185","-83.922973"
"TN","Meigs County","117.5","195.135","35.512203","-84.816102"
"GA","Marion County","118.3","365.721","32.359312","-84.528735"
"NC","Haywood County","120.3","553.56","35.558882","-82.981307"
"GA","Schley County","121.7","166.909","32.263444","-84.322708"
"AL","Etowah County","122.4","535.144","34.047641","-86.034263"
"TN","Loudon County","122.9","229.272","35.735085","-84.314085"
"NC","Henderson County","123.2","372.948","35.336427","-82.479583"
"GA","Pulaski County","123.3","249.261","32.238803","-83.481845"
"AL","Clay County","123.5","603.962","33.2704","-85.863525"
"GA","Laurens County","123.7","807.336","32.39322","-82.926317"
"SC","Saluda County","124.3","453.166","34.005278","-81.727903"
"GA","Chattahoochee County","124.5","248.737","32.347445","-84.788021"
"TN","Marion County","125.1","502.179","35.127565","-85.607429"
"TN","Sevier County","126.1","592.518","35.787822","-83.5249"
"TN","Rhea County","126.3","315.473","35.60059","-84.949548"
"GA","Burke County","126.7","827.042","33.060181","-82.000164"
"SC","Spartanburg County","126.7","808.407","34.932014","-81.991624"
"GA","Dooly County","127","392.631","32.151995","-83.807167"
"AL","Lee County","127.3","607.556","32.604064","-85.353048"
"TN","Sequatchie County","128.5","265.851","35.372336","-85.410082"
"AL","Jackson County","130.3","1078.014","34.764114","-85.980056"
"NC","Polk County","132.7","237.687","35.277901","-82.167621"
"GA","Dodge County","132.9","495.969","32.164369","-83.167866"
"SC","Newberry County","133.1","630.306","34.289881","-81.599676"
"TN","Roane County","133.2","360.768","35.84725","-84.523929"
"TN","Bledsoe County","133.4","406.555","35.593561","-85.20591"
"GA","Treutlen County","133.4","199.431","32.409586","-82.570882"
"SC","Aiken County","133.6","1070.674","33.550013","-81.632983"
"GA","Emanuel County","133.6","680.574","32.5912","-82.300195"
"AL","Tallapoosa County","134.4","716.531","32.863308","-85.799618"
"GA","Sumter County","135.7","482.877","32.042266","-84.204294"
"NC","Buncombe County","136.2","656.49","35.609371","-82.530423"
"AL","Talladega County","137.8","736.818","33.369314","-86.17593"
"GA","Jenkins County","138.4","347.378","32.794563","-81.971524"
"TN","Knox County","138.5","508.325","35.992726","-83.937721"
"SC","Union County","138.9","513.604","34.690374","-81.615864"
"AL","Russell County","139.1","641.182","32.289811","-85.18698"
"GA","Webster County","139.5","209.657","32.046691","-84.553828"
"AL","St. Clair County","139.7","631.61","33.719491","-86.311327"
"TN","Cocke County","140.3","436.135","35.916198","-83.119224"
"AL","Marshall County","140.4","565.854","34.309564","-86.321668"
"TN","Grundy County","141.5","360.444","35.393352","-85.710374"
"GA","Wilcox County","142.5","377.811","31.96272","-83.438259"
"GA","Stewart County","143","458.766","32.073225","-84.834912"
"GA","Crisp County","143.2","272.68","31.920268","-83.75653"
"TN","Jefferson County","144.6","275.155","36.048452","-83.441216"
"NC","Madison County","145.9","449.615","35.864206","-82.712631"
"GA","Wheeler County","146.6","295.49","32.105258","-82.733849"
"TN","Van Buren County","147.6","273.415","35.699234","-85.458409"
"TN","Anderson County","148","337.206","36.116731","-84.195418"
"GA","Montgomery County","148.3","241.145","32.172108","-82.533349"
"NC","Rutherford County","148.9","565.437","35.402747","-81.919582"
"TN","Franklin County","149","550.573","35.155926","-86.099203"
"TN","Cumberland County","149.2","681.309","35.952398","-84.994761"
"SC","Cherokee County","149.6","392.96","35.049796","-81.607647"
