"State","Place","Type","Miles","Latitude","Longitude"
"GA","Dacula","City","0.5","33.981967","-83.90108"
"GA","Auburn","City","4.1","34.015186","-83.833741"
"GA","Carl","Town","4.9","34.002952","-83.814032"
"GA","Lawrenceville","City","5.9","33.952875","-83.992231"
"GA","Grayson","City","7.6","33.890751","-83.958148"
"GA","Braselton","Town","9.5","34.107616","-83.812908"
"GA","Winder","City","10","33.991568","-83.723554"
"GA","Sugar Hill","City","10.3","34.085962","-84.03397"
"GA","Hoschton","City","10.4","34.085619","-83.759869"
"GA","Buford","City","10.4","34.118562","-83.98861"
"GA","Loganville","City","10.5","33.836502","-83.896135"
"GA","Suwanee","City","10.5","34.051119","-84.06591"
"GA","Snellville","City","10.8","33.860224","-84.006295"
"GA","Rest Haven","Town","11.1","34.136389","-83.974494"
"GA","Bethlehem","Town","11.3","33.937948","-83.709982"
"GA","Russell","Community (unincorporated)","11.8","33.979","-83.69227"
"GA","Flowery Branch","City","12.7","34.171303","-83.918746"
"GA","Between","Town","13.1","33.817668","-83.801104"
"GA","Duluth","City","14.5","34.001517","-84.150464"
"GA","Lilburn","City","15.3","33.89064","-84.136872"
"GA","Oakwood","City","16.1","34.222133","-83.884856"
"GA","Berkeley Lake","City","16.5","33.981438","-84.185589"
"GA","Mountain Park","Community (unincorporated)","16.6","33.846683","-84.132156"
"GA","Talmo","Town","16.7","34.179368","-83.717415"
"GA","Monroe","City","16.7","33.797481","-83.718728"
"GA","Statham","City","16.9","33.962774","-83.603753"
"GA","Walnut Grove","City","16.9","33.74786","-83.849962"
"GA","Pendergrass","Town","17.5","34.165937","-83.678859"
"GA","Johns Creek","City","17.8","34.032739","-84.203848"
"GA","Norcross","City","18","33.937394","-84.205634"
"GA","Peachtree Corners","City","19.2","33.96715","-84.232328"
"GA","Jersey","City","19.5","33.71689","-83.804251"
"GA","Jefferson","City","19.8","34.136239","-83.602157"
"GA","Tucker","City","20.1","33.845169","-84.202085"
"GA","Cumming","City","20.2","34.206067","-84.133848"
"GA","Stone Mountain","City","20.2","33.804187","-84.17142"
"GA","Good Hope","City","21.1","33.790066","-83.617447"
"GA","Bogart","Town","21.1","33.947625","-83.533749"
"GA","Gainesville","City","21.2","34.2901","-83.829106"
"GA","Lakeview Estates","Community (unincorporated)","21.2","33.70498","-84.037679"
"GA","Milstead","Community (unincorporated)","21.5","33.687946","-83.990726"
"GA","Doraville","City","22","33.908341","-84.269876"
"GA","Arcade","City","22","34.073545","-83.528112"
"GA","Alpharetta","City","22.2","34.070866","-84.27265"
"GA","Pine Lake","City","22.3","33.790707","-84.205837"
"GA","Lithonia","City","22.5","33.712954","-84.1062"
"GA","Clarkston","City","23.1","33.813489","-84.24185"
"GA","Redan","Community (unincorporated)","23.2","33.738689","-84.167118"
"GA","Conyers","City","23.4","33.657471","-83.983814"
"GA","Dunwoody","City","24","33.941387","-84.312701"
"GA","Chamblee","City","24.3","33.881134","-84.301654"
"GA","Oxford","City","24.9","33.628385","-83.872326"
"GA","Scottdale","Community (unincorporated)","25","33.795434","-84.266012"
"GA","North High Shoals","Town","25.3","33.828754","-83.501647"
"GA","Stonecrest","City","25.6","33.680667","-84.14525"
"GA","North Decatur","Community (unincorporated)","25.7","33.807337","-84.28889"
"GA","Social Circle","City","25.9","33.646139","-83.712782"
"GA","Avondale Estates","City","26","33.768731","-84.264735"
"GA","Milton","City","26.1","34.144325","-84.314188"
"GA","Roswell","City","26.2","34.039453","-84.350946"
"GA","Covington","City","26.6","33.605439","-83.846634"
"GA","Belvedere Park","Community (unincorporated)","26.6","33.748855","-84.259773"
"GA","Brookhaven","City","26.7","33.863131","-84.337476"
"GA","Gillsville","City","26.9","34.309321","-83.63093"
"GA","Maysville","Town","27","34.255126","-83.553058"
"GA","North Druid Hills","Community (unincorporated)","27.2","33.819492","-84.326702"
"GA","Sandy Springs","City","27.3","33.931501","-84.368886"
"GA","Decatur","City","27.3","33.771067","-84.295784"
"GA","Bostwick","City","28","33.737696","-83.5139"
"GA","Candler-McAfee","Community (unincorporated)","28.1","33.726222","-84.270852"
"GA","Nicholson","City","28.5","34.116622","-83.425056"
"GA","Druid Hills","Community (unincorporated)","28.5","33.78415","-84.329213"
"GA","Porterdale","City","28.7","33.573706","-83.894787"
"GA","Commerce","City","28.7","34.214298","-83.475713"
"GA","Bishop","Town","28.9","33.818727","-83.438159"
"GA","Panthersville","Community (unincorporated)","29","33.70832","-84.274474"
"GA","Watkinsville","City","29.6","33.859666","-83.404788"
"GA","Rutledge","City","30","33.625657","-83.60969"
"GA","Mountain Park","City","30.2","34.083035","-84.413635"
"GA","Athens-Clarke County","City","30.4","33.949597","-83.370088"
"GA","Gresham Park","Community (unincorporated)","30.7","33.707017","-84.311976"
"GA","Lula","City","31.3","34.398088","-83.661905"
"GA","Dawsonville","City","33.4","34.433651","-84.124449"
"GA","Homer","Town","33.4","34.337961","-83.494776"
"GA","Mansfield","City","33.9","33.517437","-83.734613"
"GA","Vinings","Community (unincorporated)","33.9","33.85916","-84.467843"
"GA","Atlanta","City","33.9","33.762909","-84.422675"
"GA","Hull","City","34.7","34.017611","-83.293647"
"GA","Conley","Community (unincorporated)","34.7","33.642273","-84.334334"
"GA","Clermont","Town","34.7","34.480134","-83.770401"
"GA","Newborn","Town","34.7","33.516081","-83.695737"
"GA","Winterville","City","35.3","33.966635","-83.281558"
"GA","Holly Springs","City","35.8","34.167234","-84.484469"
"GA","Woodstock","City","36.1","34.10314","-84.512997"
"GA","Ball Ground","City","36.2","34.341708","-84.366871"
"GA","Smyrna","City","36.5","33.862559","-84.51612"
"GA","Raoul","Community (unincorporated)","36.6","34.457691","-83.600862"
"GA","Lake City","City","36.7","33.606478","-84.341204"
"GA","Forest Park","City","36.7","33.620543","-84.358181"
"GA","Ila","City","36.9","34.173667","-83.293109"
"GA","Marietta","City","37","33.953561","-84.542463"
"GA","Stockbridge","City","37.1","33.530019","-84.234275"
"GA","Hapeville","City","37.1","33.660865","-84.409413"
"GA","Madison","City","37.3","33.579038","-83.475971"
"GA","Fair Oaks","Community (unincorporated)","37.4","33.919975","-84.544443"
"GA","Dahlonega","City","37.7","34.529909","-83.979579"
"GA","Alto","Town","37.8","34.464994","-83.572586"
"GA","Morrow","City","37.9","33.578297","-84.335554"
"GA","Nelson","City","38","34.376518","-84.369025"
"GA","Canton","City","38.3","34.247201","-84.490723"
"GA","Arnoldsville","City","39.3","33.914955","-83.218427"
"GA","Colbert","City","39.4","34.037244","-83.213102"
"GA","Kennesaw State University","Community (unincorporated)","39.4","34.037859","-84.582645"
"GA","East Point","City","39.7","33.67112","-84.473429"
"GA","Danielsville","City","40.2","34.125601","-83.21615"
"GA","College Park","City","40.4","33.64145","-84.463489"
"GA","McDonough","City","40.5","33.442222","-84.150963"
"GA","Baldwin","City","40.6","34.49779","-83.542599"
"GA","Mableton","City","40.8","33.812998","-84.576946"
"GA","Kennesaw","City","41.3","34.027202","-84.61709"
"GA","Jonesboro","City","41.6","33.520799","-84.354701"
"GA","Riverdale","City","41.6","33.563869","-84.410959"
"GA","Cornelia","City","42.1","34.516629","-83.531473"
"GA","Buckhead","Town","42.3","33.568403","-83.361235"
"GA","Cleveland","City","42.8","34.59704","-83.760707"
"GA","Crawford","City","43.2","33.883227","-83.15539"
"GA","Waleska","City","43.3","34.316031","-84.543557"
"GA","Mount Airy","Town","43.5","34.523488","-83.497167"
"GA","Godfrey","Community (unincorporated)","43.9","33.445881","-83.500625"
"GA","Irondale","Community (unincorporated)","44.1","33.483275","-84.365512"
"GA","Austell","City","44.3","33.819766","-84.643774"
"GA","Comer","City","44.4","34.062462","-83.12732"
"GA","Bonanza","Community (unincorporated)","44.5","33.458867","-84.337817"
"GA","Shady Dale","Town","44.5","33.398475","-83.589375"
"GA","Maxeys","Town","44.6","33.754914","-83.172638"
"GA","Demorest","City","44.6","34.563531","-83.542311"
"GA","Lovejoy","City","44.8","33.443681","-84.318863"
"GA","Jasper","City","45.1","34.466199","-84.435863"
"GA","Acworth","City","45.1","34.061991","-84.681121"
"GA","Lithia Springs","Community (unincorporated)","45.3","33.782487","-84.648488"
"GA","Powder Springs","City","45.7","33.86435","-84.681216"
"GA","Locust Grove","City","45.8","33.348125","-84.102546"
"GA","Lexington","City","45.9","33.870069","-83.110154"
"GA","Yonah","Community (unincorporated)","46.1","34.644182","-83.743"
"GA","South Fulton","City","46.3","33.63572","-84.583417"
"GA","Carnesville","City","46.4","34.376763","-83.234483"
"GA","Jenkinsburg","City","46.9","33.320579","-84.037313"
"GA","Union City","City","46.9","33.593837","-84.56263"
"GA","Franklin Springs","City","47.6","34.283361","-83.146091"
"GA","Clarkesville","City","47.8","34.609289","-83.52747"
"GA","Heron Bay","Community (unincorporated)","48","33.339043","-84.192162"
"GA","Hampton","City","48.1","33.377704","-84.298974"
"GA","Jackson","City","48.3","33.292359","-83.967846"
"GA","Carlton","City","49.1","34.040877","-83.042506"
"GA","Douglasville","City","49.3","33.73678","-84.701074"
"GA","Hiram","City","49.3","33.890794","-84.750549"
"GA","Monticello","City","49.4","33.295879","-83.686584"
"GA","Royston","City","49.5","34.28663","-83.110842"
"GA","Emerson","City","49.5","34.131182","-84.745362"
"GA","Fayetteville","City","49.8","33.449099","-84.472824"
"GA","Sautee-Nacoochee","Community (unincorporated)","49.9","34.688809","-83.683078"
"GA","Fairburn","City","50","33.547798","-84.587265"
"GA","Woodville","City","50","33.665503","-83.118094"
"GA","Sunny Side","Community (unincorporated)","50.1","33.342436","-84.29355"
"GA","Greensboro","City","50.2","33.563569","-83.189093"
"GA","Talking Rock","Town","50.5","34.529219","-84.491954"
"GA","Helen","City","50.7","34.708395","-83.727625"
"GA","Flovilla","City","50.9","33.252406","-83.902902"
"GA","Canon","City","51.1","34.341681","-83.111768"
"GA","Bowman","City","51.8","34.205388","-83.031139"
"GA","Woolsey","Town","52.2","33.362901","-84.407036"
"GA","Toccoa","City","52.4","34.582081","-83.327169"
"GA","Martin","Town","52.7","34.485769","-83.197451"
"GA","White","City","52.7","34.282234","-84.748028"
"GA","Cartersville","City","53.1","34.164579","-84.801704"
"GA","Experiment","Community (unincorporated)","53.2","33.286032","-84.274641"
"GA","Avalon","Town","53.2","34.497141","-83.198203"
"GA","Tyrone","Town","53.4","33.476059","-84.594522"
"GA","Bowersville","Town","53.6","34.374712","-83.083893"
"GA","Union Point","City","53.7","33.618816","-83.075036"
"GA","Dallas","City","54.3","33.915618","-84.841556"
"GA","Eatonton","City","54.4","33.325821","-83.388862"
"GA","Palmetto","City","54.4","33.536038","-84.673791"
"GA","Lavonia","City","54.6","34.433911","-83.107959"
"GA","East Griffin","Community (unincorporated)","55","33.243443","-84.232599"
"GA","Fairmount","City","55.3","34.438632","-84.699397"
"GA","Eagle Grove","Community (unincorporated)","55.3","34.285577","-83.000722"
"GA","Griffin","City","55.8","33.243188","-84.271861"
"GA","Siloam","Town","56","33.540913","-83.084892"
"GA","Dewy Rose","Community (unincorporated)","56.1","34.171505","-82.942673"
"GA","Chattahoochee Hills","City","56.3","33.581071","-84.745886"
"GA","Peachtree City","City","56.5","33.391887","-84.570656"
"GA","Brooks","Town","57.6","33.293339","-84.451373"
"GA","East Ellijay","City","57.7","34.665238","-84.490763"
"GA","Gumlog","Community (unincorporated)","57.9","34.498866","-83.093041"
"GA","Ranger","Community (unincorporated)","58.4","34.499649","-84.711809"
"GA","Rayle","Town","58.4","33.791336","-82.908545"
"GA","Orchard Hill","Town","58.4","33.185158","-84.212038"
"GA","Tallulah Falls","Town","58.7","34.725845","-83.387512"
"GA","Ellijay","City","58.9","34.691438","-84.48349"
"GA","Elberton","City","59.2","34.104921","-82.87276"
"GA","Euharlee","City","60.2","34.143586","-84.932752"
"SC","Chickasaw Point","Community (unincorporated)","60.2","34.535481","-83.076455"
"GA","Senoia","City","60.3","33.307664","-84.554759"
"GA","Juliette","Community (unincorporated)","60.7","33.113712","-83.808425"
"GA","White Plains","City","60.7","33.480313","-83.036343"
"GA","Hartwell","City","60.8","34.349645","-82.92802"
"GA","Braswell","Town","60.8","33.983545","-84.9584"
"GA","Fairplay","Community (unincorporated)","61","33.618204","-84.862363"
"GA","Villa Rica","City","61.2","33.728365","-84.916662"
"GA","Cherry Log","Community (unincorporated)","61.5","34.78509","-84.381047"
"GA","Crooked Creek","Community (unincorporated)","61.5","33.265688","-83.27525"
"GA","Blairsville","City","61.5","34.877011","-83.952005"
"GA","Williamson","City","61.9","33.178274","-84.357575"
"GA","Kingston","City","62.2","34.231972","-84.944493"
"GA","Sharpsburg","Town","62.5","33.337111","-84.650911"
"SC","South Union","Community (unincorporated)","62.5","34.559549","-83.048967"
"GA","Taylorsville","Town","62.6","34.085129","-84.985629"
"GA","Milner","City","62.6","33.116066","-84.187681"
"GA","Turin","Town","62.7","33.322977","-84.638692"
"SC","Fair Play","Community (unincorporated)","63.2","34.50809","-82.986838"
"GA","Fairfield Plantation","Community (unincorporated)","63.8","33.644657","-84.928426"
"GA","Adairsville","City","64.2","34.370846","-84.921192"
"GA","Morganton","City","64.3","34.875049","-84.244266"
"GA","Reed Creek","Community (unincorporated)","64.3","34.440925","-82.913683"
"GA","Crawfordville","City","64.9","33.554641","-82.896695"
"GA","Tiger","Town","64.9","34.846066","-83.432562"
"GA","Haralson","Town","65.1","33.22935","-84.56871"
"GA","Blue Ridge","City","65.3","34.866491","-84.321858"
"GA","Young Harris","City","65.4","34.934606","-83.847726"
"GA","Forsyth","City","65.6","33.039361","-83.934443"
"GA","Rockmart","City","65.7","34.008306","-85.044978"
"SC","Westminster","City","65.7","34.666556","-83.090658"
"SC","Longcreek","Community (unincorporated)","66","34.784198","-83.256383"
"GA","Newnan","City","66","33.375833","-84.777324"
"GA","Aragon","City","66.5","34.046278","-85.056709"
"GA","Barnesville","City","66.5","33.048653","-84.149284"
"GA","Hiawassee","City","66.7","34.946158","-83.746335"
"GA","Tignall","Town","66.8","33.866962","-82.742146"
"GA","Aldora","Town","66.8","33.050363","-84.177608"
"GA","Zebulon","City","67","33.090996","-84.339467"
"GA","Temple","City","67.2","33.733245","-85.027295"
"GA","East Newnan","Community (unincorporated)","67.3","33.345796","-84.776725"
"GA","Clayton","City","67.5","34.87663","-83.403256"
"GA","Mineral Bluff","Community (unincorporated)","67.5","34.914151","-84.277608"
"GA","Whitesburg","City","67.7","33.492068","-84.9143"
"GA","Hilltop","Community (unincorporated)","68.3","33.108235","-84.437141"
"GA","Washington","City","68.6","33.735236","-82.74227"
"GA","Calhoun","City","68.9","34.499792","-84.933058"
"GA","Meansville","City","69","33.051449","-84.310459"
"GA","Smarr","Community (unincorporated)","69.2","32.987019","-83.883024"
"GA","Concord","City","69.3","33.092129","-84.438844"
"GA","Moreland","Town","69.8","33.286361","-84.769581"
"GA","Sharon","City","69.8","33.562681","-82.795436"
"GA","Mountain City","Town","70.9","34.921479","-83.381098"
"GA","Plainville","City","70.9","34.405265","-85.031489"
"GA","Tate City","Community (unincorporated)","71","34.976365","-83.551469"
"GA","Gray","City","71.2","33.002021","-83.540932"
"SC","Seneca","City","71.5","34.681059","-82.965604"
"SC","West Union","Town","72","34.756041","-83.044142"
"GA","Epworth","Community (unincorporated)","72","34.951032","-84.380788"
"GA","Shannon","Community (unincorporated)","72","34.340318","-85.084083"
"SC","Walhalla","City","72.2","34.769502","-83.05545"
"GA","Resaca","Town","72.3","34.579365","-84.943824"
"GA","Sparta","City","72.5","33.277912","-82.969815"
"GA","Luthersville","City","72.6","33.209626","-84.744302"
"GA","Bolingbroke","Community (unincorporated)","72.8","32.938453","-83.79959"
"GA","Milledgeville","City","72.8","33.087945","-83.240613"
"NC","Hayesville","Town","73.1","35.045018","-83.817935"
"SC","Lowndesville","Town","73.1","34.209909","-82.647625"
"GA","Gay","Town","73.1","33.095757","-84.579365"
"SC","Utica","Community (unincorporated)","73.2","34.676038","-82.922094"
"GA","Carrollton","City","73.6","33.581847","-85.083333"
"GA","McCaysville","City","73.7","34.981962","-84.371188"
"GA","The Rock","Community (unincorporated)","73.7","32.960715","-84.239175"
"SC","Starr","Town","73.8","34.37789","-82.695327"
"SC","Iva","Town","74","34.308147","-82.663437"
"GA","Dillard","City","74","34.971472","-83.381157"
"GA","Chatsworth","City","74.4","34.781091","-84.782472"
"GA","Bremen","City","74.5","33.710765","-85.151897"
"GA","Grantville","City","74.7","33.237148","-84.830098"
"GA","Buchanan","City","74.7","33.80053","-85.179809"
"GA","Lindale","Community (unincorporated)","74.7","34.187692","-85.180719"
"SC","Calhoun Falls","Town","74.9","34.093013","-82.596463"
"GA","Hardwick","Community (unincorporated)","75.1","33.045609","-83.248811"
"TN","Copperhill","City","75.2","34.998971","-84.391339"
"GA","Yatesville","Town","75.6","32.913002","-84.141314"
"SC","Newry","Community (unincorporated)","75.7","34.724825","-82.914632"
"GA","Molena","City","75.9","33.014084","-84.507063"
"GA","Sky Valley","City","76","34.984996","-83.333994"
"GA","Rome","City","76.1","34.266133","-85.186052"
"GA","Eton","City","76.3","34.828151","-84.767837"
"NC","Murphy","Town","76.7","35.094326","-84.024901"
"GA","Berry College","Community (unincorporated)","76.7","34.291044","-85.187766"
"GA","Waco","City","76.7","33.7026","-85.189244"
"GA","Hannahs Mill","Community (unincorporated)","77","32.937302","-84.340945"
"SC","Clemson University","Community (unincorporated)","77","34.6756","-82.835245"
"SC","Centerville","Community (unincorporated)","77.1","34.528278","-82.716733"
"GA","Lone Oak","Town","77.3","33.172352","-84.817331"
"GA","Cedartown","City","77.3","34.021749","-85.247531"
"GA","Mount Zion","City","77.4","33.642561","-85.180998"
"GA","Norwood","City","77.5","33.462697","-82.705957"
"TN","Ducktown","City","77.5","35.036033","-84.384832"
"SC","La France","Community (unincorporated)","77.6","34.616281","-82.770697"
"SC","Lake Secession","Community (unincorporated)","77.9","34.289933","-82.585746"
"SC","Sandy Springs","Community (unincorporated)","78","34.602519","-82.750927"
"SC","Homeland Park","Community (unincorporated)","78","34.464155","-82.65876"
"SC","Pendleton","Town","78.2","34.642244","-82.779112"
"SC","Clemson","City","78.4","34.683564","-82.810575"
"GA","Culloden","City","78.5","32.864908","-84.093999"
"SC","Antreville","Community (unincorporated)","79.4","34.296213","-82.560347"
"SC","Tamassee","Community (unincorporated)","79.5","34.879824","-83.014034"
"GA","Thomaston","City","79.7","32.891673","-84.326691"
"GA","Woodbury","City","79.8","32.985218","-84.582015"
"SC","Mount Carmel","Community (unincorporated)","79.8","34.018453","-82.504446"
"GA","Roopville","Town","79.8","33.456639","-85.130407"
"SC","Northlake","Community (unincorporated)","80.1","34.570621","-82.684299"
"SC","Keowee Key","Community (unincorporated)","80.4","34.820929","-82.912341"
"SC","Anderson","City","80.5","34.521487","-82.643517"
"GA","Camak","Town","80.8","33.450759","-82.649609"
"GA","Hogansville","City","81.1","33.166986","-84.902788"
"GA","Sunset Village","Community (unincorporated)","81.3","32.891774","-84.409712"
"GA","Greenville","City","81.3","33.030929","-84.716331"
"GA","Warrenton","City","81.4","33.407657","-82.665124"
"SC","Salem","Town","81.4","34.887923","-82.975224"
"GA","Centralhatchee","Town","81.5","33.368898","-85.103722"
"GA","Lincoln Park","Community (unincorporated)","81.5","32.867381","-84.335599"
"GA","Dalton","City","81.6","34.767898","-84.972812"
"GA","Tallapoosa","City","81.6","33.736656","-85.287358"
"SC","Central","Town","81.7","34.723405","-82.774706"
"NC","Marble","Community (unincorporated)","82.1","35.176954","-83.926523"
"GA","Ivey","City","82.1","32.909928","-83.299847"
"GA","Musella","Community (unincorporated)","82.4","32.801867","-84.032382"
"GA","Macon-Bibb County","City","82.4","32.80899","-83.69406"
"GA","Lincolnton","City","82.5","33.792714","-82.478438"
"GA","Gordon","City","82.8","32.886187","-83.333588"
"GA","Cave Spring","City","83","34.108585","-85.339711"
"SC","Willington","Community (unincorporated)","83","33.965101","-82.450293"
"SC","Cateechee","Community (unincorporated)","83.4","34.766646","-82.77876"
"NC","Highlands","Town","83.7","35.053845","-83.197579"
"NC","Andrews","Town","83.7","35.199046","-83.825792"
"GA","Bowdon","City","83.9","33.537837","-85.253976"
"TN","Farner","Community (unincorporated)","84","35.154361","-84.319024"
"SC","Six Mile","Town","84","34.80933","-82.811643"
"SC","Norris","Town","84.6","34.766116","-82.752535"
"TN","Conasauga","Community (unincorporated)","84.6","35.005212","-84.727607"
"GA","Franklin","City","84.7","33.279834","-85.098636"
"GA","Deepstep","Town","85.7","33.016694","-82.972506"
"GA","Salem","Community (unincorporated)","86.7","32.758587","-84.193624"
"GA","Mitchell","Town","86.9","33.221712","-82.701246"
"AL","Edwardsville","Town","87.2","33.88374","-85.414124"
"NC","Franklin","Town","87.4","35.179422","-83.380691"
"GA","Knoxville","Community (unincorporated)","87.6","32.723259","-83.995933"
"GA","Varnell","City","87.6","34.901575","-84.965064"
"GA","Ephesus","City","87.8","33.406937","-85.256762"
"GA","Roberta","City","87.9","32.719776","-84.010381"
"SC","Abbeville","City","88","34.178544","-82.377687"
"SC","Liberty","City","88.1","34.791324","-82.696327"
"GA","Thomson","City","88.2","33.46927","-82.495116"
"GA","Warthen","Community (unincorporated)","88.2","33.094754","-82.804922"
"GA","McIntyre","Town","88.2","32.846833","-83.213274"
"GA","Tunnel Hill","City","88.3","34.855413","-85.036778"
"SC","Belton","City","88.4","34.523778","-82.492747"
"GA","Warm Springs","City","88.4","32.887196","-84.678624"
"AL","Ranburne","Town","88.7","33.525853","-85.339013"
"GA","Manchester","City","88.9","32.859057","-84.634374"
"SC","Due West","Town","89.4","34.334773","-82.39033"
"GA","Summerville","City","89.5","34.478728","-85.349079"
"GA","Trion","Town","89.5","34.548418","-85.310769"
"NC","Cashiers","Community (unincorporated)","89.7","35.107936","-83.098001"
"AL","Graham","Community (unincorporated)","89.8","33.455191","-85.323085"
"AL","Fruithurst","Town","89.8","33.729539","-85.431249"
"GA","Cohutta","City","90.4","34.955252","-84.967153"
"GA","Lyerly","Town","90.7","34.403432","-85.404092"
"TN","Coker Creek","Community (unincorporated)","90.8","35.263214","-84.28821"
"GA","Gibson","City","91.1","33.231691","-82.600978"
"TN","Ocoee","Community (unincorporated)","91.2","35.123508","-84.716729"
"GA","Woodland","City","91.3","32.788217","-84.561221"
"SC","Honea Path","Town","91.5","34.447619","-82.394957"
"GA","Irwinton","City","91.5","32.810758","-83.173696"
"SC","Troy","Town","91.7","33.991876","-82.297895"
"SC","Pickens","City","91.8","34.885741","-82.710202"
"SC","Williamston","Town","91.9","34.619088","-82.480391"
"NC","Robbinsville","Town","92.2","35.321454","-83.809512"
"SC","McCormick","Town","92.4","33.91284","-82.287591"
"TN","Benton","Town","92.5","35.174905","-84.651709"
"SC","Donalds","Town","92.8","34.374499","-82.343202"
"NC","Glenville","Community (unincorporated)","92.8","35.16925","-83.120371"
"GA","Byron","City","92.9","32.649497","-83.747954"
"SC","Arial","Community (unincorporated)","93","34.846076","-82.64062"
"SC","West Pelzer","Town","93","34.644851","-82.474836"
"TN","Wildwood Lake","Community (unincorporated)","93.2","35.088202","-84.847707"
"GA","LaFayette","City","93.3","34.708848","-85.281494"
"GA","Toomsboro","City","93.3","32.822373","-83.082637"
"GA","Edge Hill","City","93.3","33.153421","-82.624989"
"GA","LaGrange","City","93.4","33.02698","-85.038261"
"GA","Shiloh","City","93.5","32.81158","-84.698708"
"SC","Pelzer","Town","93.7","34.642859","-82.460473"
"GA","Sandersville","City","93.8","32.981794","-82.80513"
"GA","Centerville","City","94.2","32.636497","-83.685724"
"SC","Plum Branch","Town","94.2","33.848952","-82.263838"
"SC","Easley","City","94.5","34.819805","-82.582161"
"TN","Apison","Community (unincorporated)","94.5","35.004854","-85.009676"
"GA","Ringgold","City","94.6","34.913661","-85.12151"
"NC","Lake Santeetlah","Town","95","35.364004","-83.866444"
"SC","Bradley","Community (unincorporated)","95","34.03007","-82.239339"
"AL","Spring Garden","Community (unincorporated)","95","33.972965","-85.555756"
"GA","Oconee","City","95.3","32.853627","-82.959356"
"TN","Delano","Community (unincorporated)","95.4","35.25645","-84.561726"
"GA","Rock Spring","Community (unincorporated)","95.4","34.81467","-85.238869"
"GA","Jeffersonville","City","95.5","32.686289","-83.342676"
"GA","Dearing","Town","95.5","33.415187","-82.386483"
"SC","Piedmont","Community (unincorporated)","95.5","34.705617","-82.466746"
"GA","Glenn","Community (unincorporated)","95.5","33.147692","-85.214018"
"GA","Appling","Community (unincorporated)","95.6","33.570957","-82.310155"
"GA","Tennille","City","95.9","32.936618","-82.812071"
"SC","Promised Land","Community (unincorporated)","95.9","34.127703","-82.230707"
"GA","Pine Mountain","Town","95.9","32.852005","-84.851631"
"AL","Woodland","Town","96.1","33.375627","-85.397439"
"GA","Avera","City","96.1","33.193423","-82.528732"
"SC","Hodges","Town","96.5","34.288774","-82.249952"
"TN","South Cleveland","Community (unincorporated)","96.5","35.109298","-84.909732"
"GA","Menlo","City","96.5","34.483491","-85.477611"
"SC","Powdersville","Community (unincorporated)","96.8","34.780022","-82.497593"
"SC","Ware Place","Community (unincorporated)","96.9","34.624718","-82.384822"
"GA","Robins AFB","Community (unincorporated)","97","32.610005","-83.582946"
"AL","Broomtown","Community (unincorporated)","97","34.365728","-85.532112"
"TN","East Cleveland","Community (unincorporated)","97.1","35.152546","-84.85416"
"AL","Gaylesville","Town","97.1","34.267444","-85.561248"
"GA","Warner Robins","City","97.2","32.597096","-83.653936"
"SC","Parksville","Town","97.4","33.786592","-82.217367"
"SC","Golden Grove","Community (unincorporated)","97.8","34.71873","-82.429632"
"GA","Talbotton","City","97.9","32.677248","-84.54065"
"TN","Tellico Plains","Town","97.9","35.366495","-84.298138"
"SC","Princeton","Community (unincorporated)","97.9","34.491276","-82.29587"
"GA","Stapleton","City","98.1","33.216889","-82.467241"
"AL","Cedar Bluff","Town","98.1","34.221422","-85.588565"
"AL","Rock Mills","Community (unincorporated)","98.1","33.15994","-85.28107"
"SC","Modoc","Community (unincorporated)","98.2","33.721454","-82.217422"
"GA","Indian Springs","Community (unincorporated)","98.3","34.960605","-85.159012"
"SC","Ware Shoals","Town","98.5","34.387806","-82.24327"
"TN","Collegedale","City","98.5","35.053458","-85.047991"
"AL","Piedmont","City","98.5","33.927557","-85.615267"
"GA","Harlem","City","98.6","33.435349","-82.316065"
"NC","Forest Hills","City","98.7","35.295759","-83.195423"
"SC","Cokesbury","Community (unincorporated)","98.8","34.290015","-82.20874"
"AL","Heflin","City","98.8","33.6474","-85.569339"
"TN","McDonald","Community (unincorporated)","99.1","35.108782","-84.985289"
"TN","Cleveland","City","99.2","35.180044","-84.871288"
"AL","Standing Rock","Community (unincorporated)","99.3","33.08569","-85.239849"
"SC","Welcome","Community (unincorporated)","99.3","34.814308","-82.471763"
"GA","Reynolds","City","99.3","32.560478","-84.094363"
"GA","Fort Valley","City","99.3","32.551114","-83.879939"
"GA","Howard","Community (unincorporated)","99.6","32.604098","-84.379104"
"AL","Morrison Crossroads","Community (unincorporated)","99.6","33.417996","-85.488284"
"TN","Ooltewah","Community (unincorporated)","99.7","35.072335","-85.054466"
"NC","Cullowhee","Community (unincorporated)","99.9","35.309726","-83.181548"
"NC","Fontana Dam","Town","99.9","35.432797","-83.8248"
"TN","Etowah","City","99.9","35.338141","-84.5282"
"GA","Chickamauga","City","100.2","34.877467","-85.28835"
"SC","Dacusville","Community (unincorporated)","100.4","34.934272","-82.560513"
"GA","Fort Oglethorpe","City","100.7","34.931849","-85.24601"
"SC","Greenwood","City","100.8","34.195397","-82.153665"
"NC","Rosman","Town","100.8","35.145826","-82.820155"
"GA","Butler","City","100.8","32.557194","-84.23733"
"GA","Junction City","Town","101","32.603622","-84.458198"
"SC","Parker","Community (unincorporated)","101.6","34.849961","-82.452971"
"SC","Gantt","Community (unincorporated)","101.6","34.787114","-82.401343"
"GA","Hamilton","City","101.6","32.764671","-84.875261"
"NC","Webster","Town","101.7","35.349976","-83.218978"
"SC","Dunean","Community (unincorporated)","101.8","34.819282","-82.423048"
"GA","Davisboro","City","102","32.981412","-82.603571"
"AL","Nances Creek","Community (unincorporated)","102","33.855501","-85.669104"
"SC","Clarks Hill","Community (unincorporated)","102","33.658175","-82.165995"
"SC","Judson","Community (unincorporated)","102.1","34.833122","-82.427568"
"TN","Charleston","City","102.2","35.285693","-84.760797"
"GA","Waverly Hall","Town","102.2","32.68289","-84.728333"
"SC","Berea","Community (unincorporated)","102.2","34.8785","-82.466212"
"AL","Centre","City","102.2","34.153059","-85.671683"
"NC","Dillsboro","Town","102.3","35.370606","-83.25262"
"GA","Wrens","City","102.3","33.207434","-82.387583"
"NC","Bryson City","Town","102.6","35.42661","-83.447265"
"TN","Calhoun","Town","102.6","35.301834","-84.741456"
"GA","Fairview","Community (unincorporated)","102.7","34.929532","-85.294037"
"GA","Danville","Town","102.7","32.606013","-83.246057"
"AL","Wedowee","Town","102.8","33.308004","-85.4865"
"AL","Roanoke","City","102.8","33.145305","-85.369526"
"TN","East Ridge","City","102.9","34.997302","-85.228507"
"GA","Lakeview","Community (unincorporated)","103.1","34.977071","-85.253632"
"SC","Conestee","Community (unincorporated)","103.2","34.763806","-82.351637"
"NC","Sylva","Town","103.3","35.375434","-83.218481"
"GA","Riddleville","Town","103.4","32.902739","-82.664984"
"SC","City View","Community (unincorporated)","103.4","34.862508","-82.425849"
"AL","White Plains","Community (unincorporated)","103.9","33.759312","-85.68847"
"TN","Hopewell","Community (unincorporated)","103.9","35.238816","-84.913871"
"GA","West Point","City","104","32.898518","-85.141499"
"GA","Grovetown","City","104","33.449769","-82.207966"
"SC","Coronaca","Community (unincorporated)","104.1","34.25181","-82.105247"
"GA","Allentown","City","104.4","32.584692","-83.230159"
"AL","Mentone","Town","104.4","34.563209","-85.589704"
"GA","Geneva","Town","104.5","32.578235","-84.553065"
"TN","Englewood","Town","104.6","35.422852","-84.488274"
"GA","Rossville","City","104.6","34.975773","-85.289568"
"NC","Whittier","Community (unincorporated)","104.6","35.434676","-83.354758"
"SC","Sans Souci","Community (unincorporated)","104.6","34.890783","-82.422996"
"GA","Chattanooga Valley","Community (unincorporated)","104.7","34.924114","-85.343119"
"GA","Evans","Community (unincorporated)","105","33.567644","-82.140555"
"GA","Harrison","Town","105","32.82639","-82.72594"
"GA","Perry","City","105.1","32.473708","-83.727809"
"SC","Greenville","City","105.3","34.836902","-82.362997"
"TN","Ridgeside","City","105.5","35.034917","-85.247008"
"AL","Hollis Crossroads","Community (unincorporated)","105.6","33.531333","-85.652862"
"GA","Marshallville","City","105.8","32.458561","-83.939762"
"TN","Harrison","Community (unincorporated)","105.9","35.125044","-85.147132"
"AL","Valley Head","Town","106","34.556234","-85.623008"
"SC","Mauldin","City","106.1","34.781025","-82.304234"
"GA","Matthews","Community (unincorporated)","106.1","33.21933","-82.301659"
"AL","Fredonia","Community (unincorporated)","106.2","32.983577","-85.292306"
"SC","Caesars Head","Community (unincorporated)","106.2","35.107109","-82.618378"
"AL","Choccolocco","Community (unincorporated)","106.2","33.667728","-85.707191"
"SC","Travelers Rest","City","106.5","34.960031","-82.445009"
"SC","Simpsonville","City","106.7","34.728538","-82.256377"
"GA","Ellerslie","Community (unincorporated)","106.9","32.632913","-84.788449"
"TN","Riceville","Community (unincorporated)","106.9","35.389475","-84.698855"
"TN","Chattanooga","City","107","35.065958","-85.248386"
"GA","Cataula","Community (unincorporated)","107.2","32.665027","-84.865165"
"AL","Jacksonville","City","107.2","33.810066","-85.755217"
"AL","Hammondville","Town","107.2","34.566232","-85.640348"
"AL","Five Points","Town","107.3","33.017311","-85.351592"
"GA","Lookout Mountain","City","107.3","34.966503","-85.361889"
"AL","Fort Payne","City","107.4","34.457329","-85.689447"
"GA","Montrose","Town","107.7","32.55923","-83.153151"
"GA","West Brow","Community (unincorporated)","107.7","34.914816","-85.418583"
"SC","Slater-Marietta","Community (unincorporated)","108","35.037489","-82.49094"
"SC","Ninety Six","Town","108","34.169465","-82.022956"
"TN","Lookout Mountain","Town","108.1","34.994485","-85.351577"
"GA","Martinez","Community (unincorporated)","108.2","33.520422","-82.101179"
"SC","Waterloo","Town","108.2","34.356196","-82.057218"
"GA","Blythe","City","108.2","33.303066","-82.207357"
"SC","Fountain Inn","City","108.4","34.69665","-82.202129"
"AL","Leesburg","Town","108.4","34.178627","-85.777897"
"AL","Sand Rock","Town","108.4","34.231228","-85.770416"
"SC","Wade Hampton","Community (unincorporated)","108.5","34.882735","-82.331715"
"AL","Lanett","City","108.6","32.858649","-85.207788"
"NC","Cherokee","Community (unincorporated)","108.9","35.48594","-83.301107"
"GA","Box Springs","Community (unincorporated)","109","32.54456","-84.657518"
"AL","Delta","Community (unincorporated)","109","33.440524","-85.675905"
"TN","Athens","City","109.1","35.456809","-84.604522"
"AL","Ballplay","Community (unincorporated)","109.1","34.023047","-85.801478"
"GA","Keysville","City","109.2","33.236189","-82.229326"
"TN","Madisonville","City","109.3","35.523204","-84.362972"
"NC","Brevard","City","109.5","35.247786","-82.728546"
"TN","Lakesite","City","109.7","35.202719","-85.141238"
"GA","Wildwood","Community (unincorporated)","110","34.966937","-85.421501"
"GA","Trenton","City","110.4","34.874147","-85.50965"
"SC","Gray Court","Town","110.4","34.608315","-82.115123"
"GA","Louisville","City","110.5","32.992865","-82.397188"
"SC","Taylors","Community (unincorporated)","110.6","34.914312","-82.313906"
"GA","Wrightsville","City","110.6","32.726812","-82.719072"
"AL","Huguley","Community (unincorporated)","110.7","32.843062","-85.239635"
"GA","New England","Community (unincorporated)","110.7","34.918034","-85.481375"
"TN","Kahite","Community (unincorporated)","110.8","35.568689","-84.236464"
"AL","Weaver","City","110.8","33.75907","-85.809363"
"GA","Dudley","City","111","32.53348","-83.083619"
"TN","Red Bank","City","111.1","35.111695","-85.296162"
"SC","Five Forks","Community (unincorporated)","111.1","34.809889","-82.22291"
"TN","Middle Valley","Community (unincorporated)","111.2","35.190745","-85.197462"
"AL","Valley","City","111.4","32.801427","-85.204438"
"SC","Cross Hill","Town","111.6","34.30451","-81.983576"
"TN","Niota","City","111.9","35.517166","-84.549854"
"AL","Anniston","City","111.9","33.673469","-85.810891"
"GA","Antioch","Community (unincorporated)","112.2","32.682806","-85.053626"
"AL","Pine Ridge","Town","112.3","34.447915","-85.783831"
"GA","Bartow","Town","112.3","32.881217","-82.472328"
"AL","Abanda","Community (unincorporated)","112.4","33.091627","-85.527029"
"AL","Ider","Town","112.4","34.702599","-85.668958"
"AL","Hokes Bluff","City","112.6","33.989682","-85.862873"
"TN","Vonore","Town","112.8","35.597163","-84.234492"
"SC","Mountville","Community (unincorporated)","112.9","34.373026","-81.977361"
"SC","Laurens","City","112.9","34.502686","-82.021413"
"GA","Ideal","City","112.9","32.372878","-84.189014"
"AL","Wadley","Town","113.3","33.1234","-85.568592"
"AL","Coats Bend","Community (unincorporated)","113.3","34.073273","-85.874602"
"AL","Penton","Community (unincorporated)","113.3","33.009832","-85.474824"
"GA","Augusta-Richmond County","City","113.4","33.365531","-82.073422"
"AL","Henagar","City","113.6","34.630641","-85.730918"
"TN","Falling Water","Community (unincorporated)","113.8","35.195925","-85.259423"
"SC","Edgefield","Town","113.8","33.785282","-81.9286"
"AL","Saks","Community (unincorporated)","113.9","33.711401","-85.853698"
"TN","Soddy-Daisy","City","113.9","35.261575","-85.172121"
"TN","Whiteside","Community (unincorporated)","114.1","34.994556","-85.486845"
"TN","Walden","Town","114.2","35.163488","-85.309851"
"GA","Hephzibah","City","114.3","33.2923","-82.095732"
"AL","Alexandria","Community (unincorporated)","114.3","33.760819","-85.872008"
"AL","Collinsville","City","114.3","34.267224","-85.86861"
"SC","Tigerville","Community (unincorporated)","114.4","35.065051","-82.369918"
"TN","Signal Mountain","Town","114.5","35.143893","-85.341469"
"GA","Gough","Community (unincorporated)","114.5","33.084105","-82.231332"
"AL","Hobson City","Town","114.7","33.618801","-85.846146"
"AL","La Fayette","City","114.8","32.899427","-85.400795"
"GA","Dublin","City","115","32.535471","-82.928807"
"GA","Cochran","City","115","32.388057","-83.350427"
"SC","Watts Mills","Community (unincorporated)","115.1","34.516239","-81.985531"
"SC","The Cliffs Valley","Community (unincorporated)","115.1","35.13951","-82.436034"
"SC","Murphys Estates","Community (unincorporated)","115.2","33.60107","-81.945963"
"SC","Greer","City","115.2","34.933286","-82.230803"
"NC","Waynesville","Town","115.3","35.485663","-82.999206"
"GA","Piney Grove","Community (unincorporated)","115.5","32.615464","-85.03881"
"TN","Rarity Bay","Community (unincorporated)","115.5","35.634812","-84.253738"
"TN","Greenback","City","115.6","35.64742","-84.168215"
"GA","Tazewell","Community (unincorporated)","115.8","32.374996","-84.437955"
"GA","Vidette","City","115.8","33.036123","-82.244029"
"AL","West End-Cobb Town","Community (unincorporated)","115.9","33.651481","-85.876553"
"AL","Sylvania","Town","115.9","34.562039","-85.804722"
"GA","Wadley","City","116","32.86479","-82.402802"
"TN","Fairmount","Community (unincorporated)","116.1","35.186456","-85.330236"
"GA","East Dublin","City","116.1","32.546925","-82.866967"
"AL","Cusseta","Town","116.1","32.787637","-85.305769"
"SC","North Augusta","City","116.1","33.523303","-81.956566"
"AL","Rainsville","City","116.1","34.494364","-85.836505"
"AL","Tidmore Bend","Community (unincorporated)","116.2","34.033184","-85.926387"
"TN","Sweetwater","City","116.2","35.602623","-84.473378"
"NC","Maggie Valley","Town","116.3","35.525762","-83.061907"
"AL","Oxford","City","116.3","33.59641","-85.868219"
"AL","Lineville","City","116.4","33.312832","-85.752278"
"TN","Mowbray Mountain","Community (unincorporated)","116.5","35.275117","-85.222552"
"AL","Glencoe","City","116.7","33.948339","-85.933606"
"GA","Columbus","City","116.7","32.510191","-84.874946"
"TN","Townsend","City","116.9","35.676321","-83.752995"
"SC","Belvedere","Community (unincorporated)","117","33.539348","-81.933646"
"GA","Montezuma","City","117.1","32.297239","-84.019058"
"NC","Etowah","Community (unincorporated)","117.5","35.304442","-82.588679"
"GA","Oglethorpe","City","117.5","32.293176","-84.062807"
"AL","Shiloh","Town","117.7","34.462666","-85.877617"
"TN","Sale Creek","Community (unincorporated)","117.7","35.386419","-85.082389"
"GA","Dexter","Town","117.9","32.433195","-83.059134"
"TN","Decatur","Town","117.9","35.529137","-84.793319"
"GA","Chester","Town","118.2","32.394447","-83.155682"
"SC","Woodruff","City","118.3","34.745097","-82.037454"
"TN","Lone Oak","Community (unincorporated)","118.4","35.200757","-85.368479"
"SC","Reidville","Town","118.5","34.865805","-82.11064"
"AL","Lookout Mountain","Community (unincorporated)","118.7","34.115916","-85.965464"
"NC","Lake Junaluska","Community (unincorporated)","118.7","35.530206","-82.972773"
"TN","Flat Top Mountain","Community (unincorporated)","118.7","35.331901","-85.200046"
"AL","Daviston","Town","118.9","33.056839","-85.634329"
"SC","Clearwater","Community (unincorporated)","119","33.502756","-81.911132"
"AL","Fyffe","Town","119","34.448957","-85.905167"
"GA","Hawkinsville","City","119.1","32.301182","-83.478856"
"SC","Trenton","Town","119.3","33.740557","-81.840937"
"SC","Duncan","Town","119.3","34.932426","-82.143688"
"GA","Empire","Community (unincorporated)","119.5","32.337052","-83.282965"
"SC","Enoree","Community (unincorporated)","119.8","34.660485","-81.96252"
"TN","Tellico Village","Community (unincorporated)","119.9","35.697885","-84.263596"
"NC","Horse Shoe","Community (unincorporated)","119.9","35.332385","-82.562696"
"GA","Unadilla","City","120","32.257284","-83.735898"
"GA","Kite","City","120.1","32.691524","-82.512435"
"AL","Powell","Town","120.2","34.532588","-85.897553"
"TN","Philadelphia","City","120.2","35.67905","-84.399914"
"NC","Valley Hill","Community (unincorporated)","120.5","35.293902","-82.492677"
"NC","Clyde","Town","120.5","35.533082","-82.910824"
"SC","Johnston","Town","120.5","33.833383","-81.804823"
"TN","Walland","Community (unincorporated)","120.6","35.732045","-83.806818"
"NC","Flat Rock","City","120.7","35.266841","-82.451618"
"GA","Buena Vista","City","120.8","32.318481","-84.517564"
"NC","Laurel Park","Town","121","35.311489","-82.503567"
"AL","Pisgah","Town","121.1","34.684366","-85.84601"
"SC","Clinton","City","121.1","34.473887","-81.860899"
"TN","Graysville","Town","121.1","35.449332","-85.076359"
"SC","Burnettown","Town","121.2","33.521073","-81.864655"
"AL","Gadsden","City","121.3","34.006597","-86.016078"
"GA","Dooling","Town","121.5","32.229976","-83.928924"
"TN","Maryville","City","121.6","35.74781","-83.980234"
"NC","Mills River","Town","121.6","35.38135","-82.588899"
"SC","Beech Island","Community (unincorporated)","121.7","33.428596","-81.890318"
"AL","Southside","City","121.7","33.890841","-86.01802"
"TN","Dayton","City","121.7","35.495406","-85.008652"
"SC","Saluda","Town","121.8","34.001172","-81.771638"
"AL","Ashland","Town","121.9","33.269892","-85.833706"
"SC","Lyman","Town","121.9","34.974992","-82.124068"
"SC","Startex","Community (unincorporated)","121.9","34.930246","-82.089109"
"AL","Crossville","Town","121.9","34.282697","-85.999737"
"AL","Lakeview","Town","122","34.391675","-85.975573"
"TN","Gatlinburg","City","122.1","35.725027","-83.493722"
"NC","West Canton","Community (unincorporated)","122.1","35.538745","-82.864725"
"AL","Munford","Town","122.3","33.527644","-85.953809"
"TN","Powells Crossroads","Town","122.4","35.184817","-85.484776"
"AL","Reece City","Town","122.5","34.077241","-86.034498"
"NC","Canton","Town","122.6","35.532118","-82.833734"
"AL","Dutton","Town","122.6","34.606152","-85.91185"
"SC","Wellford","City","122.6","34.957955","-82.095301"
"TN","New Hope","City","122.6","34.999428","-85.668442"
"NC","East Flat Rock","Community (unincorporated)","122.7","35.280999","-82.416555"
"GA","Rentz","City","122.7","32.382887","-82.991818"
"AL","Smiths Station","City","122.8","32.522852","-85.099425"
"TN","Friendsville","City","122.9","35.756353","-84.131961"
"SC","Langley","Community (unincorporated)","122.9","33.515188","-81.835037"
"AL","Ohatchee","Town","123","33.789759","-86.029062"
"AL","Geraldine","Town","123","34.359087","-86.002579"
"TN","Jasper","Town","123.2","35.068255","-85.621162"
"NC","Barker Heights","Community (unincorporated)","123.2","35.308443","-82.441175"
"GA","Ellaville","City","123.3","32.237662","-84.309114"
"NC","Saluda","City","123.4","35.237523","-82.346908"
"SC","Joanna","Community (unincorporated)","123.4","34.415926","-81.800222"
"NC","Hendersonville","City","123.4","35.323353","-82.45584"
"AL","Bridgeport","City","123.4","34.949312","-85.723765"
"GA","Byromville","Town","123.5","32.201633","-83.907239"
"SC","Graniteville","Community (unincorporated)","123.5","33.564682","-81.809231"
"TN","Loudon","City","123.6","35.737244","-84.362102"
"NC","Balfour","Community (unincorporated)","123.7","35.352644","-82.48875"
"SC","Gloverville","Community (unincorporated)","123.9","33.526845","-81.813055"
"TN","Sequatchie","Community (unincorporated)","123.9","35.111487","-85.596569"
"GA","Pinehurst","City","124.1","32.196212","-83.759519"
"NC","Mountain Home","Community (unincorporated)","124.1","35.370322","-82.501972"
"GA","Cadwell","Town","124.2","32.340135","-83.04064"
"SC","Warrenville","Community (unincorporated)","124.2","33.547049","-81.801689"
"TN","Whitwell","City","124.3","35.192393","-85.521532"
"AL","Whitesboro","Community (unincorporated)","124.3","34.169004","-86.058499"
"TN","Eagleton Village","Community (unincorporated)","124.4","35.788156","-83.936246"
"GA","Cusseta-Chattahoochee County","City","124.5","32.347445","-84.788021"
"SC","Ward","Town","124.5","33.857297","-81.731334"
"GA","Andersonville","City","124.6","32.197435","-84.145565"
"AL","Phenix City","City","124.6","32.453709","-85.031019"
"TN","Kimball","Town","124.8","35.0469","-85.674015"
"SC","Cross Anchor","Community (unincorporated)","124.9","34.644241","-81.858033"
"GA","Waynesboro","City","124.9","33.091279","-82.01429"
"AL","Goldville","Town","125","33.084867","-85.777982"
"TN","Wildwood","Community (unincorporated)","125.2","35.799857","-83.868543"
"GA","Midville","City","125.3","32.821272","-82.235266"
"AL","Stevenson","Town","125.3","34.876797","-85.81435"
"TN","South Pittsburg","City","125.4","35.011154","-85.718225"
"AL","Opelika","City","125.4","32.660739","-85.37889"
"AL","Rainbow City","City","125.4","33.928777","-86.084228"
"SC","Inman Mills","Community (unincorporated)","125.4","35.040907","-82.102412"
"SC","Gramling","Community (unincorporated)","125.4","35.077525","-82.134597"
"TN","Pittman Center","Town","125.7","35.759506","-83.388492"
"GA","Adrian","City","125.9","32.529951","-82.591509"
"SC","Fairforest","Community (unincorporated)","125.9","34.94714","-82.018175"
"SC","Silverstreet","Town","125.9","34.217712","-81.714608"
"AL","Section","Town","126","34.581644","-85.984942"
"AL","Ladonia","Community (unincorporated)","126.1","32.459709","-85.090423"
"SC","Roebuck","Community (unincorporated)","126.2","34.878987","-81.964442"
"TN","Alcoa","City","126.2","35.814762","-83.968103"
"SC","Inman","City","126.3","35.045786","-82.088485"
"TN","Pigeon Forge","City","126.4","35.798005","-83.563784"
"AL","Ridgeville","Town","126.4","34.056929","-86.102874"
"NC","Tryon","Town","126.6","35.208808","-82.2379"
"SC","Campobello","Town","126.8","35.125755","-82.149364"
"NC","Avery Creek","Community (unincorporated)","126.8","35.465081","-82.571847"
"NC","Dana","Community (unincorporated)","126.9","35.320602","-82.361094"
"GA","Summertown","City","127","32.745239","-82.276859"
"TN","Louisville","City","127","35.82269","-84.052652"
"SC","Landrum","City","127.3","35.175093","-82.185727"
"GA","Lilly","City","127.3","32.146535","-83.877464"
"NC","Fletcher","Town","127.3","35.432863","-82.50743"
"AL","Attalla","City","127.4","33.986189","-86.121037"
"AL","New Site","Town","127.4","33.026041","-85.784536"
"TN","Rockford","City","127.5","35.834422","-83.936128"
"TN","Dunlap","City","127.5","35.36753","-85.389828"
"SC","Arcadia","Community (unincorporated)","127.6","34.961075","-81.993118"
"AL","Sardis City","Town","127.7","34.172413","-86.119104"
"AL","Carlisle-Rockledge","Community (unincorporated)","127.7","34.114451","-86.124073"
"NC","Bent Creek","Community (unincorporated)","127.9","35.511109","-82.616987"
"TN","Lenoir City","City","128.1","35.815836","-84.283015"
"AL","Hollywood","Town","128.2","34.717279","-85.965579"
"SC","Southern Shops","Community (unincorporated)","128.5","34.982149","-81.990922"
"NC","Fruitland","Community (unincorporated)","128.5","35.397784","-82.421255"
"SC","Ridge Spring","Town","128.6","33.845284","-81.661212"
"SC","Arkwright","Community (unincorporated)","128.7","34.914961","-81.938733"
"SC","Aiken","City","128.7","33.531594","-81.725073"
"SC","Saxon","Community (unincorporated)","128.8","34.961107","-81.96928"
"TN","Griffith Creek","Community (unincorporated)","128.8","35.276049","-85.53603"
"AL","Ivalee","Community (unincorporated)","128.9","34.037204","-86.147182"
"AL","Millerville","Community (unincorporated)","129.3","33.191458","-85.929828"
"SC","Jackson","Town","129.4","33.328575","-81.792015"
"TN","Spring City","Town","129.5","35.686385","-84.864229"
"AL","Ragland","Town","129.5","33.748325","-86.135927"
"SC","Pauline","Community (unincorporated)","129.7","34.834255","-81.866313"
"TN","Orme","Town","129.7","35.0147","-85.80481"
"NC","Columbus","Town","129.7","35.251165","-82.209786"
"SC","Glenn Springs","Community (unincorporated)","129.8","34.811956","-81.850457"
"SC","Hilltop","Community (unincorporated)","129.8","34.975486","-81.958501"
"NC","Royal Pines","Community (unincorporated)","129.9","35.478822","-82.502313"
"AL","Waverly","Town","129.9","32.730078","-85.570999"
"AL","Boaz","City","130","34.19902","-86.155151"
"AL","Egypt","Community (unincorporated)","130","34.075938","-86.165054"
"AL","Waldo","Town","130","33.387083","-86.041075"
"TN","Cosby","Community (unincorporated)","130.2","35.795132","-83.245657"
"SC","Spartanburg","City","130.3","34.945627","-81.925944"
"SC","Valley Falls","Community (unincorporated)","130.4","35.00657","-81.968913"
"GA","Norristown","Community (unincorporated)","130.4","32.50704","-82.498626"
"SC","Helena","Community (unincorporated)","130.4","34.280665","-81.64449"
"NC","Hoopers Creek","Community (unincorporated)","130.5","35.444918","-82.435624"
"AL","Camp Hill","Town","130.6","32.797327","-85.655833"
"GA","Eastman","City","130.7","32.197561","-83.170658"
"AL","Scottsboro","City","130.8","34.64462","-86.048155"
"TN","Seymour","Community (unincorporated)","131.1","35.882655","-83.761629"
"AL","Lincoln","City","131.1","33.580169","-86.127876"
"AL","Langston","Town","131.1","34.545063","-86.09335"
"GA","Vienna","City","131.2","32.092747","-83.786839"
"TN","Farragut","Town","131.4","35.87618","-84.180016"
"SC","Boiling Springs","Community (unincorporated)","131.4","35.04501","-81.977929"
"AL","Steele","Town","131.5","33.941378","-86.192107"
"SC","Monetta","Town","131.5","33.849987","-81.609932"
"SC","Whitney","Community (unincorporated)","131.8","34.983624","-81.92237"
"NC","Biltmore Forest","Town","131.8","35.534945","-82.537941"
"NC","Edneyville","Community (unincorporated)","132","35.402561","-82.334286"
"GA","Pineview","Town","132.1","32.10428","-83.50887"
"SC","Camp Croft","Community (unincorporated)","132.2","34.90878","-81.863582"
"AL","Talladega","City","132.3","33.431757","-86.099454"
"GA","Swainsboro","City","132.5","32.585588","-82.334784"
"SC","Drayton","Community (unincorporated)","132.5","34.976171","-81.902606"
"SC","Ben Avon","Community (unincorporated)","132.5","34.934614","-81.875366"
"TN","Sevierville","City","132.6","35.889691","-83.579861"
"AL","Auburn","City","132.7","32.607806","-85.494746"
"SC","Newberry","City","132.9","34.27988","-81.600333"
"NC","Asheville","City","133.3","35.570972","-82.552725"
"SC","New Ellenton","Town","133.3","33.41961","-81.682414"
"AL","Albertville","City","133.6","34.26313","-86.21066"
"GA","Americus","City","133.6","32.074377","-84.222829"
"AL","Gallant","Community (unincorporated)","133.6","34.001318","-86.230171"
"NC","Emma","Community (unincorporated)","133.7","35.601974","-82.59577"
"AL","New Union","Community (unincorporated)","133.7","34.133682","-86.228002"
"SC","Fingerville","Community (unincorporated)","133.9","35.135077","-82.000409"
"AL","Hackneyville","Community (unincorporated)","133.9","33.054654","-85.934423"
"TN","Palmer","Town","133.9","35.357562","-85.565599"
"GA","Canoochee","Community (unincorporated)","134.2","32.685397","-82.173608"
"TN","Pikeville","City","134.3","35.615358","-85.193362"
"AL","Jacksons' Gap","Town","134.3","32.884019","-85.815046"
"AL","Bristow Cove","Community (unincorporated)","134.4","34.109216","-86.240993"
"GA","Soperton","City","134.4","32.378268","-82.594019"
"TN","Kingston","City","134.6","35.872669","-84.504486"
"GA","Perkins","Community (unincorporated)","134.7","32.919257","-81.944353"
"SC","Glendale","Community (unincorporated)","134.7","34.945078","-81.836373"
"TN","Fairgarden","Community (unincorporated)","134.8","35.898225","-83.411961"
"AL","Dadeville","City","134.9","32.826114","-85.776201"
"AL","Riverside","City","134.9","33.616394","-86.204357"
"NC","Gerton","Community (unincorporated)","135.2","35.475785","-82.350409"
"SC","Whitmire","Town","135.2","34.504067","-81.614162"
"NC","Fairview","Community (unincorporated)","135.8","35.522518","-82.401308"
"SC","Batesburg-Leesville","Town","135.9","33.913324","-81.528058"
"SC","Converse","Community (unincorporated)","136.1","34.995653","-81.843053"
"SC","Buffalo","Community (unincorporated)","136.1","34.724439","-81.684357"
"TN","Midtown","Community (unincorporated)","136.2","35.88033","-84.574772"
"NC","Woodfin","Town","136.3","35.646077","-82.594404"
"AL","Ashville","City","136.4","33.835197","-86.270015"
"SC","Prosperity","Town","136.5","34.213372","-81.528386"
"AL","Loachapoka","Town","136.9","32.607946","-85.598479"
"AL","Walnut Grove","Town","136.9","34.064595","-86.28717"
"GA","Nunez","City","136.9","32.491954","-82.346687"
"SC","Clifton","Community (unincorporated)","136.9","34.986051","-81.820395"
"TN","Knoxville","City","137","35.97068","-83.94927"
"AL","Guntersville","City","137.1","34.367947","-86.252323"
"SC","Pacolet","Town","137.1","34.905374","-81.763712"
"TN","Rockwood","City","137.2","35.870081","-84.674943"
"NC","Chimney Rock Village","City","137.5","35.450323","-82.255017"
"TN","Tracy City","Town","137.5","35.263044","-85.755668"
"TN","Gruetli-Laager","City","137.5","35.372571","-85.637403"
"TN","Sherwood","Community (unincorporated)","137.7","35.074888","-85.92591"
"SC","Central Pacolet","Town","137.8","34.909598","-81.752757"
"AL","Altoona","Town","137.9","34.040014","-86.305179"
"TN","Karns","Community (unincorporated)","138","35.977788","-84.109135"
"GA","Plains","City","138.2","32.03307","-84.394526"
"GA","Chauncey","City","138.3","32.111809","-83.068014"
"TN","Oak Ridge","City","138.4","35.966483","-84.290549"
"GA","Richland","City","138.5","32.088762","-84.662001"
"AL","Skyline","Town","138.6","34.798524","-86.12243"
"SC","Cowpens","Town","138.8","35.018617","-81.804121"
"GA","Tarrytown","Town","138.9","32.319004","-82.559905"
"SC","Mayo","Community (unincorporated)","138.9","35.085704","-81.853452"
"AL","Pell City","City","139.1","33.560312","-86.263634"
"AL","Alexander City","City","139.1","32.916719","-85.940589"
"SC","Jonesville","Town","139.1","34.833949","-81.68241"
"SC","Union","City","139.2","34.723821","-81.624852"
"GA","Garfield","City","139.2","32.649211","-82.097291"
"TN","Harriman","City","139.3","35.930378","-84.562583"
"GA","Millen","City","139.3","32.806892","-81.942039"
"AL","Douglas","Town","139.4","34.168258","-86.323386"
"TN","Coalmont","City","139.4","35.344173","-85.713781"
"NC","Lake Lure","Town","139.4","35.448384","-82.2022"
"GA","Webster County","City","139.5","32.046691","-84.553828"
"AL","Hytop","Town","139.7","34.896635","-86.089176"
"AL","Goodwater","Town","139.7","33.060713","-86.052486"
"GA","Twin City","City","139.7","32.582227","-82.159379"
"AL","Grant","Town","139.8","34.518173","-86.26043"
"NC","Swannanoa","Community (unincorporated)","140.5","35.600776","-82.387171"
"TN","Monteagle","Town","140.5","35.235845","-85.850242"
"GA","Cordele","City","140.6","31.95609","-83.770077"
"NC","Weaverville","Town","140.6","35.699321","-82.555719"
"SC","Chesnee","City","140.7","35.146247","-81.862978"
"GA","De Soto","City","140.9","31.95479","-84.063639"
"GA","Leslie","City","141","31.954796","-84.087093"
"AL","Pleasant Groves","Town","141","34.737619","-86.197637"
"SC","Monarch Mill","Community (unincorporated)","141.2","34.71613","-81.584716"
"GA","Seville","Community (unincorporated)","141.2","31.960953","-83.600641"
"SC","Windsor","Town","141.4","33.480937","-81.513652"
"AL","Kellyton","Town","141.5","32.979188","-86.034608"
"AL","Hollins","Community (unincorporated)","141.6","33.121757","-86.126967"
"GA","Sardis","City","141.6","32.975073","-81.76151"
"TN","John Sevier","Community (unincorporated)","141.6","36.037947","-83.825769"
"TN","Powell","Community (unincorporated)","141.6","36.035851","-84.029652"
"SC","Summit","Town","141.9","33.924636","-81.422583"
"TN","Newport","City","142","35.961624","-83.197624"
"GA","Girard","Town","142","33.033888","-81.715514"
"GA","Abbeville","City","142.1","31.992576","-83.306452"
"TN","Sewanee","Community (unincorporated)","142.2","35.19788","-85.921476"
"AL","Notasulga","Town","142.4","32.555409","-85.668577"
"GA","Pitts","City","142.6","31.946184","-83.541757"
"GA","Alamo","Town","142.7","32.147606","-82.779772"
"NC","Marshall","Town","142.8","35.798559","-82.680022"
"SC","Little Mountain","Town","142.9","34.196904","-81.412374"
"TN","Beersheba Springs","Town","142.9","35.458984","-85.668816"
"AL","Snead","Town","143","34.116228","-86.390916"
"AL","Our Town","Community (unincorporated)","143.2","32.842211","-85.967035"
"SC","Pomaria","Town","143.2","34.268739","-81.417824"
"GA","Rochelle","City","143.2","31.948766","-83.456882"
"AL","Woodville","Town","143.2","34.629535","-86.283558"
"AL","Mount Olive","Community (unincorporated)","143.3","33.078454","-86.13304"
"TN","Oakdale","Town","143.4","35.992746","-84.556683"
"NC","Black Mountain","Town","143.5","35.614705","-82.325516"
"TN","Dandridge","Town","143.5","36.030124","-83.429831"
"GA","Glenwood","City","143.7","32.180301","-82.670836"
"SC","Gilbert","Town","143.7","33.924111","-81.391042"
"TN","Crab Orchard","City","143.8","35.906604","-84.884714"
"TN","Oliver Springs","Town","143.8","36.039859","-84.328487"
"GA","Wenona","Community (unincorporated)","143.8","31.910941","-83.751066"
"TN","Mascot","Community (unincorporated)","143.9","36.068731","-83.763913"
"GA","Rhine","Town","143.9","31.989315","-83.200435"
"GA","Lumpkin","City","143.9","32.048041","-84.798145"
"TN","Coalfield","Community (unincorporated)","143.9","36.022835","-84.442491"
"TN","Strawberry Plains","Community (unincorporated)","144.1","36.064315","-83.645185"
"AL","Susan Moore","Town","144.2","34.072993","-86.414156"
"GA","Milan","City","144.4","32.019198","-83.062279"
"GA","Oak Park","Town","144.5","32.364413","-82.324015"
"GA","Stillmore","City","144.5","32.441609","-82.214484"
"TN","Altamont","Town","144.6","35.433855","-85.73861"
"TN","Halls","Community (unincorporated)","144.6","36.081676","-83.934383"
"NC","Hot Springs","Town","144.9","35.893553","-82.829421"
"AL","Highland Lake","Town","144.9","33.894586","-86.422553"
"SC","Carlisle","Town","145","34.592041","-81.464513"
"GA","McRae-Helena","City","145.1","32.063577","-82.89689"
"TN","Cowan","City","145.2","35.163172","-86.013841"
"NC","Rutherfordton","Town","145.4","35.364075","-81.961343"
"TN","Pelham","Community (unincorporated)","145.6","35.334137","-85.87029"
"GA","Mount Vernon","City","145.6","32.185236","-82.596585"
"TN","Lake Tansi","Community (unincorporated)","145.7","35.870276","-85.060577"
"GA","Smithville","City","145.7","31.901098","-84.255174"
"AL","Ray","Community (unincorporated)","146","32.868141","-86.045252"
"GA","Ailey","City","146.1","32.18836","-82.575566"
"NC","Montreat","Town","146.2","35.64804","-82.299164"
"AL","Odenville","City","146.3","33.700875","-86.423371"
"TN","Clinton","City","146.3","36.097338","-84.128945"
"TN","Baneberry","City","146.4","36.046375","-83.278211"
"SC","Fairview Crossroads","Community (unincorporated)","146.5","33.76216","-81.359474"
"AL","Mignon","Community (unincorporated)","146.6","33.18658","-86.256886"
"AL","Paint Rock","Town","146.6","34.660934","-86.333952"
"TN","New Market","Town","146.8","36.095522","-83.557037"
"TN","Parrottsville","Town","146.8","36.00823","-83.091548"
"NC","Spindale","Town","146.8","35.359716","-81.923198"
"SC","Chapin","Town","146.9","34.16525","-81.339342"
"NC","Ruth","Town","146.9","35.382369","-81.944847"
"SC","Wagener","Town","147.4","33.651301","-81.3626"
"AL","Sylacauga","City","147.5","33.18867","-86.274799"
"SC","Gaffney","City","147.7","35.073558","-81.661532"
"NC","Henrietta","Community (unincorporated)","147.8","35.257827","-81.804409"
"GA","Higgston","Town","147.9","32.216102","-82.464793"
"AL","Reeltown","Community (unincorporated)","147.9","32.574211","-85.819562"
"SC","Peak","Town","148","34.236325","-81.32884"
"GA","Scotland","City","148","32.047247","-82.817615"
"SC","Williston","Town","148","33.401663","-81.421899"
"NC","Forest City","Town","148.1","35.334708","-81.870751"
"NC","Mars Hill","Town","148.3","35.828217","-82.548563"
"NC","Barnardsville","Community (unincorporated)","148.4","35.781918","-82.455536"
"AL","New Hope","City","148.5","34.537972","-86.412372"
"AL","Childersburg","City","148.5","33.292558","-86.340864"
"AL","Oneonta","City","148.5","33.947038","-86.489793"
"AL","Bon Air","Town","148.6","33.259355","-86.327175"
"SC","Snelling","Town","148.6","33.244301","-81.475028"
"AL","Union Grove","Town","148.8","34.406172","-86.451667"
"AL","Margaret","City","148.9","33.672861","-86.463942"
"AL","Oak Grove","Town","149","33.190359","-86.303727"
"GA","Parrott","Town","149","31.894377","-84.511745"
"AL","Rosa","Town","149.1","33.992756","-86.500325"
"AL","Nixburg","Community (unincorporated)","149.2","32.855488","-86.100838"
"AL","Hanover","Community (unincorporated)","149.2","33.002922","-86.200931"
"TN","Jefferson City","City","149.2","36.120803","-83.483318"
"GA","Warwick","City","149.2","31.82979","-83.920625"
"NC","Cliffside","Community (unincorporated)","149.2","35.248003","-81.765287"
"AL","Hurtsboro","Town","149.3","32.24009","-85.41467"
"TN","Petros","Community (unincorporated)","149.4","36.102773","-84.450322"
"AL","Hissop","Community (unincorporated)","149.4","32.890568","-86.129601"
"AL","Springville","City","149.4","33.74052","-86.484086"
"TN","Blaine","City","149.4","36.144719","-83.69554"
"NC","Caroleen","Community (unincorporated)","149.4","35.281094","-81.791373"
"SC","Lockhart","Town","149.4","34.796112","-81.467008"
"NC","Old Fort","Town","149.6","35.630329","-82.177975"
"AL","Tuskegee","City","149.7","32.418723","-85.682509"
"TN","Fairfield Glade","Community (unincorporated)","149.8","36.003783","-84.872738"
"TN","Spencer","City","149.8","35.73924","-85.456052"
"GA","Hiltonia","Town","149.9","32.883339","-81.661487"
"AL","Vincent","Town","149.9","33.383145","-86.402544"
"AL","Gurley","Town","149.9","34.701364","-86.380271"
"SC","East Gaffney","Community (unincorporated)","150","35.085377","-81.624294"
"AL","Stewartville","Community (unincorporated)","150","33.075532","-86.260693"
