"seed","n","top"
"tacoma towing capacity","10","tacoma towing capacity | tacoma towing capacity 2026 | tacoma towing capacity 2025 | tacoma towing capacity 2023 | tacoma towing capacity chart | tacoma towing capacity 2020 | tacoma towing capacity by year"
"2024 tacoma towing capacity","10","2024 tacoma towing capacity | 2024 tacoma towing capacity chart | 2024 tacoma towing capacity sr5 | 2024 tacoma towing capacity upgrade | 2024 tacoma towing capacity manual transmission | 2024 tacoma towing specs | 2024 tacoma sr towing capacity"
"f150 towing capacity","10","f150 towing capacity | f150 towing capacity by vin | f150 towing capacity 2026 | f150 towing capacity chart | f150 towing capacity 2025 | f150 towing capacity by year | f150 towing capacity 5.0"
"silverado towing capacity","10","silverado towing capacity | silverado towing capacity chart | silverado towing capacity 2026 | silverado towing capacity by vin | silverado towing capacity 1500 | silverado towing capacity chart by year | silverado towing capacity australia"
"ram 1500 towing capacity","10","ram 1500 towing capacity | ram 1500 towing capacity chart | ram 1500 towing capacity chart by year | ram 1500 towing capacity by vin | ram 1500 towing capacity 5.7 hemi | ram 1500 towing capacity v8 | ram 1500 towing capacity 2026"
"highlander towing capacity","10","highlander towing capacity | highlander towing capacity 2026 | highlander towing capacity 2024 | highlander towing capacity by year | highlander towing capacity 2023 | highlander towing capacity 2025 | highlander towing capacity 2018"
"rav4 towing capacity","10","rav4 towing capacity | rav4 towing capacity 2026 | rav4 towing capacity 2025 | rav4 towing capacity 2023 | rav4 towing capacity by year | rav4 towing capacity 2021 | rav4 towing capacity 2024"
"explorer towing capacity","10","explorer towing capacity | explorer towing capacity 2026 | explorer towing capacity 2025 | explorer towing capacity 2024 | explorer towing capacity 2022 | explorer towing capacity 2023 | explorer towing capacity 2020"
"towing capacity by vehicle","10","towing capacity by vehicle | trailer towing capacity by vehicle | toyota towing capacity by vehicle | towing capacity by car | towing capacity by car registration | towing capacity by car calculator | towing capacity vehicle list"
"towing capacity calculator","10","towing capacity calculator | towing capacity calculator by vin | towing capacity calculator ford | towing capacity calculator app | towing capacity calculator uk | towing capacity calculator by reg | towing capacity calculator australia"
"how much can my car tow","10","how much can my car tow | how much can my car tow by vin | how much can my car tow calculator | how much can my car tow by reg | how much can my car tow uk | how much can my car tow by reg gov uk | how much can my car tow uk by reg"
"trailer speed limit","10","trailer speed limit | trailer speed limits by state | trailer speed limit california | trailer speed limits uk | trailer speed limit ireland | trailer speed limit nz | trailer speed limit france"
"trailer tire speed rating","10","trailer tire speed rating chart | trailer tire speed ratings | trailer tire speed rating m | trailer tire speed rating n | trailer tire speed rating l | trailer tire speed rating location | trailer tire speed rating j"
"max speed towing a trailer","10","max speed towing a trailer | max speed towing a trailer uk | maximum speed towing a trailer on motorway | max speed towing a caravan | max speed towing a caravan uk | max speed limit towing a trailer | max speed car towing a trailer"
"towing laws by state","10","towing laws by state | trailer laws by state | double towing laws by state | double towing laws by state map | flat towing laws by state | triple towing laws by state | tandem towing laws by state"
"trailer brake requirements by state","6","trailer brake requirements by state | trailer brake requirements by state map | boat trailer brake requirements by state | trailer brake requirements washington state | trailer brake requirements | trailer brake laws by state"
"weight distribution hitch","10","weight distribution hitch | weight distribution hitch with sway control | weight distribution hitch for camper | weight distribution hitch how it works | weight distribution hitch installation | weight distribution hitch setup | weight distribution hitch near me"
"best truck for towing","10","best truck for towing | best truck for towing camper | best truck for towing travel trailer | best truck for towing 10 000 lbs | best truck for towing rv | best truck for towing 20 000 lbs | best truck for towing 5th wheel"
"tow rating vin","10","tow rating vin lookup | tow rating vin | tow capacity vin | tow capacity vin number | tow capacity vin decoder | towing capacity vin plate | towing capacity vin check"
"gcwr meaning","10","gcwr meaning | gcwr meaning truck | gcwr meaning trailer | gcwr meaning vs gvwr | gcwr meaning cdl | gcwr meaning towing | gcwr weight meaning"
