"keyword","us_monthly_searches","competition","cpc_low","cpc_high"
"2024 tacoma towing capacity","1K-10K","High","0.23","3.77"
"2025 tacoma towing capacity","1K-10K","High","",""
"4runner towing capacity","1K-10K","High","0.57","3.85"
"best suv for towing","1K-10K","High","0.22","6.43"
"best truck for towing travel trailer","100-1K","High","0.10","2.49"
"can i tow a camper with my suv","under 10","","",""
"colorado towing capacity","1K-10K","High","0.37","2.48"
"explorer towing capacity","100-1K","High","",""
"f150 towing capacity","10K-100K","High","0.88","4.88"
"f150 towing capacity chart","100-1K","Low","",""
"frontier towing capacity","100-1K","High","1.65","4.69"
"gcwr vs gvwr","1K-10K","Low","0.03","14.91"
"grand cherokee towing capacity","100-1K","High","1.46","5.37"
"highlander towing capacity","1K-10K","Medium","0.30","2.87"
"how much can my car tow","100-1K","Low","",""
"how much can my truck tow","100-1K","Low","0.04","0.53"
"maverick towing capacity","1K-10K","High","0.17","8.51"
"payload vs towing capacity","1K-10K","Low","0.10","14.19"
"pilot towing capacity","100-1K","Medium","",""
"ram 1500 towing capacity","10K-100K","High","1.04","4.92"
"ram 1500 towing capacity chart by year","100-1K","Low","",""
"ranger towing capacity","100-1K","High","1.39","18.45"
"rav4 towing capacity","1K-10K","Medium","0.97","7.00"
"ridgeline towing capacity","100-1K","High","",""
"silverado 1500 towing capacity","1K-10K","High","0.46","2.59"
"silverado towing capacity","100-1K","High","0.32","1.13"
"suv with best towing capacity","1K-10K","High","0.22","6.43"
"tacoma towing capacity","10K-100K","High","3.96","4.50"
"tahoe towing capacity","1K-10K","High","0.13","1.25"
"telluride towing capacity","100-1K","High","0.39","5.04"
"tow rating vin lookup","under 10","","",""
"towing capacity","10K-100K","Low","3.10","20.93"
"towing capacity by vin","1K-10K","Low","0.93","7.69"
"towing capacity calculator","1K-10K","Low","0.10","5.44"
"towing capacity chart","100-1K","Low","0.34","7.28"
"towing laws by state","100-1K","Low","",""
"trailer brake requirements by state","100-1K","Low","",""
"trailer speed limits by state","10-100","Low","",""
"trailer tire speed rating","100-1K","Medium","0.10","0.88"
"tundra towing capacity","1K-10K","High","1.26","4.38"
"weight distribution hitch","10K-100K","High","0.28","0.85"
"wrangler towing capacity","100-1K","High","3.30","5.77"
