"keyword","ga_monthly_searches","competition","cpc_low","cpc_high"
"asphalt paving near me","100-1K","Medium","3.64","16.15"
"barndominium builders georgia","100-1K","Medium","0.28","2.72"
"boat dock builders lake lanier","<10","","",""
"build on your own lot georgia","<10","","",""
"concrete contractors atlanta","100-1K","Medium","3.72","15.67"
"concrete driveway near me","10-100","High","3.55","23.07"
"crawl space encapsulation atlanta","10-100","High","16.28","68.27"
"crawl space encapsulation near me","100-1K","Low","10.92","62.73"
"custom home builders atlanta","100-1K","Medium","2.33","10.35"
"custom home builders georgia","100-1K","High","1.92","10.22"
"custom home builders near me","100-1K","Medium","2.71","17.77"
"deck builders atlanta","100-1K","Medium","9.68","35.00"
"deck builders near me","1K-10K","Medium","5.22","29.01"
"dumpster rental atlanta","1K-10K","High","3.41","11.93"
"dumpster rental near me","1K-10K","Medium","2.46","10.01"
"fence company atlanta","100-1K","High","6.06","36.22"
"fence installation near me","1K-10K","Medium","4.90","25.54"
"forestry mulching near me","100-1K","Low","3.79","10.00"
"foundation repair atlanta","100-1K","High","33.77","77.27"
"foundation repair near me","1K-10K","Low","18.91","80.00"
"french drain installation near me","10-100","High","6.04","30.22"
"garage door repair atlanta","100-1K","High","35.64","108.03"
"garage door repair near me","1K-10K","Medium","20.79","98.48"
"generator installation near me","100-1K","Medium","8.92","20.78"
"grading and drainage contractors","10-100","Low","",""
"gutter guards","1K-10K","High","7.56","53.51"
"gutter installation near me","1K-10K","High","14.92","60.00"
"home builders near me","1K-10K","Medium","2.10","13.86"
"junk removal atlanta","1K-10K","High","9.22","30.00"
"junk removal near me","1K-10K","Medium","5.01","30.00"
"land clearing near me","100-1K","Medium","3.53","14.16"
"metal buildings georgia","100-1K","High","2.07","9.40"
"metal carports georgia","10-100","High","0.93","4.00"
"mobile home movers near me","100-1K","Low","1.76","5.57"
"mold remediation atlanta","100-1K","High","18.70","72.41"
"mold remediation near me","1K-10K","Medium","11.52","51.57"
"pole barn builders georgia","10-100","Medium","1.28","3.86"
"pool builders atlanta","100-1K","Medium","7.94","28.13"
"pool builders near me","100-1K","Medium","3.91","26.78"
"pressure washing near me","1K-10K","High","4.76","21.13"
"retaining wall contractors near me","100-1K","Low","4.73","22.14"
"roof soft washing","100-1K","Medium","3.00","20.86"
"sealcoating near me","100-1K","Low","3.69","13.06"
"seawall repair lake lanier","<10","","",""
"septic installation near me","100-1K","Medium","3.93","43.69"
"septic tank pumping near me","1K-10K","High","7.17","54.00"
"storm damage restoration","10-100","Low","",""
"structural engineer home inspection","10-100","Medium","5.18","24.40"
"stump grinding near me","100-1K","High","3.01","17.35"
"termite treatment near me","100-1K","High","19.06","55.66"
"tree removal atlanta","100-1K","High","10.57","33.23"
"tree removal near me","1K-10K","High","4.72","24.59"
"water damage restoration atlanta","100-1K","Medium","9.95","75.00"
"water damage restoration near me","1K-10K","Low","33.40","122.91"
"well drilling near me","100-1K","Low","1.82","4.78"
"well pump repair near me","100-1K","High","3.40","25.40"
"whole house generator installation","100-1K","Low","3.14","21.85"
