"niche","searches_est","top_bid_high","monthly_click_value"
"Water damage restoration","5550","122.91","412012"
"Gutters","10000","60","339975"
"Garage door repair","5500","108.03","334092"
"Foundation repair","5550","80","275774"
"Junk removal","10000","30","185575"
"Mold remediation","5500","72.41","180502"
"Septic","5500","54","164830"
"Deck builders","5500","35","96745"
"Tree removal","6000","33.23","89315"
"Fence","5500","36.22","86670"
"Pressure washing","5500","21.13","70690"
"Dumpster rental","10000","11.93","69525"
"Home builders (custom)","7000","17.77","51975"
"Crawl space encapsulation","550","68.27","20526"
"Termite","500","55.66","18680"
"Pool builders","1000","28.13","16690"
"Concrete/paving","1550","23.07","14648"
"Generators","1000","21.85","13673"
"Wells","1000","25.4","8850"
"Land clearing","1000","14.16","7870"
"Retaining walls/drainage","600","30.22","7624"
"Metal buildings/barns","600","9.4","3119"
"Mobile home movers","500","5.57","1832"
"Lake Lanier docks","0","0","0"
