"seed","suggestion"
"cape coral vacation","cape coral vacation rentals"
"cape coral vacation","cape coral vacation rentals by owner"
"cape coral vacation","cape coral vacation"
"cape coral vacation","cape coral vacation rentals with pool"
"cape coral vacation","cape coral vacation homes"
"cape coral vacation","cape coral vacation rental registration"
"cape coral vacation","cape coral vacation rental companies"
"cape coral vacation","cape coral vacation rentals with boat"
"cape coral vacation","cape coral vacation home rentals"
"cape coral vacation","cape coral vacation rental fees"
"cape coral vacation rentals","cape coral vacation rentals"
"cape coral vacation rentals","cape coral vacation rentals by owner"
"cape coral vacation rentals","cape coral vacation rentals with pool"
"cape coral vacation rentals","cape coral vacation rentals with boat"
"cape coral vacation rentals","cape coral vacation rentals pet friendly"
"cape coral vacation rentals","cape coral vacation rentals inc"
"cape coral vacation rentals","cape coral vacation rentals airbnb"
"cape coral vacation rentals","cape coral vacation rentals with boat included"
"cape coral vacation rentals","cape coral vacation rentals with private pool"
"cape coral vacation rentals","cape coral vacation rentals & property management"
"cape coral vrbo","cape coral vrbo"
"cape coral vrbo","cape coral vrbo with pool"
"cape coral vrbo","cape coral vrbo rentals"
"cape coral vrbo","cape coral vrbo with boat"
"cape coral vrbo","cape coral fl vrbo"
"cape coral vrbo","vrbo cape coral pet friendly"
"cape coral vrbo","vrbo cape coral waterfront"
"cape coral vrbo","vrbo cape coral with pool and hot tub"
"cape coral vrbo","tropical palms villa cape coral vrbo"
"cape coral vrbo","vrbo cape coral fl condos"
"cape coral canal house","cape coral canal houses"
"cape coral canal house","cape coral canal houses for sale"
"cape coral canal house","cape coral waterfront houses for sale"
"cape coral canal house","cape coral waterfront house"
"cape coral canal house","cape coral canal homes for sale zillow"
"cape coral canal house","cape coral canal homes for rent"
"cape coral canal house","cape coral canal front homes for sale"
"cape coral canal house","zillow cape coral canal homes"
"cape coral canal house","cape coral saltwater canal homes for sale"
"cape coral canal house","cape coral house rental on canal"
"things to do in cape coral","things to do in cape coral florida"
"things to do in cape coral","things to do in cape coral"
"things to do in cape coral","things to do in cape coral with kids"
"things to do in cape coral","things to do in cape coral florida for adults"
"things to do in cape coral","things to do in cape coral this weekend"
"things to do in cape coral","things to do in cape coral fl in december"
"things to do in cape coral","things to do in cape coral today"
"things to do in cape coral","things to do in cape coral for couples"
"things to do in cape coral","things to do in cape coral next weekend"
"things to do in cape coral","things to do in cape coral at night"
"cape coral kayak fishing","cape coral kayak fishing"
"cape coral kayak fishing","cape coral kayak fishing charters"
"cape coral kayak fishing","cape coral kayak fishing guides"
"cape coral kayak fishing","cape coral kayak fishing spots"
"cape coral kayak fishing","cape coral kayak fishing lessons"
"cape coral kayak fishing","cape coral fishing kayak rental"
"cape coral kayak fishing","what fish can you catch in cape coral canals"
"cape coral kayak fishing","can you fish in cape coral canals"
"cape coral kayak fishing","can you go fishing in a kayak"
"cape coral kayak fishing","cape coral fishing kayak rental dacula ga"
"cape coral fishing charter","cape coral fishing charters"
"cape coral fishing charter","cape coral fishing charters prices"
"cape coral fishing charter","cape coral fishing charter boats"
"cape coral fishing charter","cape coral fishing guides"
"cape coral fishing charter","cape coral fishing trips"
"cape coral fishing charter","cape coral fishing tours"
"cape coral fishing charter","cape coral florida fishing charters"
"cape coral fishing charter","cape coral offshore fishing charters"
"cape coral fishing charter","cape coral inshore fishing charters"
"cape coral fishing charter","cape coral shark fishing charters"
"cape coral vs fort myers","cape coral vs fort myers"
"cape coral vs fort myers","cape coral vs fort myers football"
"cape coral vs fort myers","cape coral vs fort myers reddit"
"cape coral vs fort myers","cape coral vs fort myers population"
"cape coral vs fort myers","cape coral vs fort myers beach"
"cape coral vs fort myers","cape coral vs fort myers vacation"
"cape coral vs fort myers","cape coral or fort myers"
"cape coral vs fort myers","cape coral or fort myers to live"
"cape coral vs fort myers","cape coral or fort myers beach"
"cape coral vs fort myers","cape coral vs north fort myers football"
"cape coral vs panama city","cape coral vs panama city beach"
"cape coral vs panama city","cape coral vs panama city fl"
"cape coral vs panama city","cape coral vs panama city beach florida"
"cape coral vs panama city","cape coral vs panama city florida"
"cape coral vs panama city","cape coral vs panama city beach reddit"
"cape coral vs panama city","cape coral vs panama city"
"best kept secret florida vacation","best kept secret florida vacations"
"best kept secret florida vacation","best kept secret florida vacation rentals"
"best kept secret florida vacation","best kept secret florida vacation destinations"
"best kept secret florida vacation","best kept secret vacation spots in florida"
"best kept secret florida vacation","florida best kept secret beaches"
"cape coral florida vacation","cape coral florida vacation rentals"
"cape coral florida vacation","cape coral florida vacation"
"cape coral florida vacation","cape coral florida vacation rentals by owner"
"cape coral florida vacation","cape coral florida vacation home rentals"
"cape coral florida vacation","cape coral fl vacation rentals by owner"
"cape coral florida vacation","cape coral fl vacation homes"
"cape coral florida vacation","cape coral fl rental vacation homes"
"cape coral florida vacation","vacation rentals cape coral florida pet friendly"
"cape coral florida vacation","roelens vacations cape coral florida"
"cape coral florida vacation","is cape coral florida a good vacation spot"
